"","AGE","CNA_CLUSTER_K4","CNA_DATA","DATA_CORE_SAMPLE","DFS_MONTHS","DFS_STATUS","GRADE","HISTOLOGICAL_SUBTYPE","MAF_DATA","METHYLATION_CLUSTER","MICRO_RNA_CLUSTER","MICRO_RNA_SCORE","MLH1_SILENCING","MRNA_EXPRESSION_CLUSTER","MSI_STATUS_5_MARKER_CALL","MSI_STATUS_7_MARKER_CALL","MUTATION_RATE_CLUSTER","OS_MONTHS","OS_STATUS","RNASEQ_DATA","SAMPLE_ID","SUBTYPE","TUMOR_STAGE_2009"
"TCGA.A5.A0R8.01",81,1,"Y","Y",1.37990627,"Recurred","Grade 2","Endometrioid","Y",4,1,0.71082576,0,3,"MSS","MSS","1_LOW",19.54867216,"Living","Y","TCGA-A5-A0R8","Copy-number low (Endometriod)","Stage I"
"TCGA.AP.A05H.01",75,4,"Y","Y",45.50405201,"DiseaseFree","Grade 3","Serous","Y",3,NA,NA,0,1,"MSS","MSS","1_LOW",45.50405201,"Living","Y","TCGA-AP-A05H","Copy-number high (Serous-like)","Stage I"
"TCGA.BG.A0MI.01",83,1,"Y","Y",23.4584066,"DiseaseFree","Grade 2","Endometrioid","Y",2,5,0.932869329,0,3,"MSS","MSS","1_LOW",23.4584066,"Deceased","Y","TCGA-BG-A0MI","Copy-number low (Endometriod)","Stage I"
"TCGA.A5.A0R7.01",55,4,"Y","Y",17.54452258,"DiseaseFree","Grade 2","Endometrioid","Y",2,4,0.877287726,0,3,"MSS","MSS","1_LOW",17.54452258,"Living","Y","TCGA-A5-A0R7","Copy-number high (Serous-like)","Stage I"
"TCGA.B5.A11F.01",55,2,"Y","Y",52.89640703,"Recurred","Grade 2","Endometrioid","Y",2,6,0.936182815,0,2,"MSS","MSS","1_LOW",185.6302483,"Living","Y","TCGA-B5-A11F","Copy-number low (Endometriod)","Stage I"
"TCGA.EY.A1GW.01",73,4,"Y","N",6.242433128,"Recurred","Grade 3","Endometrioid","N",2,6,0.866569291,0,2,"MSS","MSS",NA,11.07210507,"Deceased","Y","TCGA-EY-A1GW",NA,"Stage IV"
"TCGA.D1.A1NY.01",67,2,"Y","N",16.85456945,"DiseaseFree","Grade 3","Endometrioid","N",1,2,0.706422825,1,1,"MSI-H","MSI-H",NA,16.85456945,"Living","Y","TCGA-D1-A1NY",NA,"Stage I"
"TCGA.AP.A1DQ.01",76,4,"Y","Y",29.70083972,"Recurred","Grade 3","Serous","Y",3,4,0.652238476,0,1,"MSS","MSS","1_LOW",46.75253864,"Deceased","Y","TCGA-AP-A1DQ","Copy-number high (Serous-like)","Stage III"
"TCGA.EY.A1GX.01",76,3,"Y","N",6.472417506,"DiseaseFree","Grade 2","Endometrioid","N",1,5,-0.164556962,0,NA,"MSS","MSS",NA,6.472417506,"Living","N","TCGA-EY-A1GX",NA,"Stage III"
"TCGA.AX.A1C4.01",52,2,"Y","N",NA,"","Grade 2","Endometrioid","N",1,5,0.932869329,1,1,"MSI-H","MSI-H",NA,13.27338412,"Living","Y","TCGA-AX-A1C4",NA,"Stage I"
"TCGA.B5.A11I.01",65,4,"Y","Y",22.96558293,"Recurred","Grade 3","Endometrioid","Y",3,4,0.923555802,0,1,"MSS","MSS","1_LOW",75.66486049,"Living","Y","TCGA-B5-A11I","Copy-number high (Serous-like)","Stage IV"
"TCGA.AX.A1CF.01",69,4,"Y","N",28.7480473,"Recurred","Grade 3","Endometrioid","N",3,4,0.596528,0,1,"MSS","MSS",NA,76.78192747,"Living","Y","TCGA-AX-A1CF",NA,"Stage IV"
"TCGA.D1.A162.01",69,NA,"N","N",37.61887332,"DiseaseFree","Grade 1","Endometrioid","N",4,6,0.88209171,0,2,"MSS","MSS",NA,37.61887332,"Living","Y","TCGA-D1-A162",NA,"Stage I"
"TCGA.D1.A2G0.01",70,2,"Y","N",3.515475498,"DiseaseFree","Grade 3","Mixed","N",1,6,0.936182815,1,NA,"MSI-H","MSI-H",NA,3.515475498,"Living","N","TCGA-D1-A2G0",NA,"Stage I"
"TCGA.BS.A0UF.01",65,1,"Y","Y",60.55160134,"DiseaseFree","Grade 3","Endometrioid","Y",4,5,-0.14185334,0,1,"MSS","MSS","3_HIGHEST",60.55160134,"Living","Y","TCGA-BS-A0UF","POLE (Ultra-mutated)","Stage I"
"TCGA.AX.A2H8.01",64,4,"Y","N",61.14298974,"DiseaseFree","Grade 3","Endometrioid","N",3,4,0.877287726,0,NA,"MSI-L","MSI-L",NA,61.14298974,"Living","N","TCGA-AX-A2H8",NA,"Stage I"
"TCGA.D1.A168.01",67,2,"Y","Y",36.0746925,"DiseaseFree","Grade 3","Endometrioid","Y",4,2,0.788513777,0,3,"MSS","MSS","1_LOW",36.0746925,"Living","Y","TCGA-D1-A168","Copy-number low (Endometriod)","Stage I"
"TCGA.D1.A15W.01",58,1,"Y","Y",30.06224375,"DiseaseFree","Grade 1","Endometrioid","Y",2,2,0.953263868,0,2,"MSS","MSS","1_LOW",30.06224375,"Living","Y","TCGA-D1-A15W","Copy-number low (Endometriod)","Stage III"
"TCGA.D1.A0ZS.01",54,1,"Y","Y",4.829671946,"DiseaseFree","Grade 3","Endometrioid","Y",2,2,0.9151894,1,1,"MSI-H","MSI-H","2_HIGH",4.829671946,"Living","Y","TCGA-D1-A0ZS","MSI (Hyper-mutated)","Stage I"
"TCGA.BS.A0U8.01",55,2,"Y","Y",85.61989859,"DiseaseFree","Grade 1","Endometrioid","Y",1,5,0.932869329,1,2,"MSI-H","MSI-H","2_HIGH",85.61989859,"Living","Y","TCGA-BS-A0U8","MSI (Hyper-mutated)","Stage III"
"TCGA.B5.A11W.01",61,2,"Y","Y",19.45010743,"DiseaseFree","Grade 2","Endometrioid","Y",2,6,0.936182815,0,2,"MSS","MSS","1_LOW",19.45010743,"Living","Y","TCGA-B5-A11W","Copy-number low (Endometriod)","Stage I"
"TCGA.E6.A1LZ.01",76,4,"Y","Y",48.32957438,"DiseaseFree","Grade 3","Serous","Y",4,4,0.886489497,0,1,"MSS","MSS","2_HIGH",48.32957438,"Living","Y","TCGA-E6-A1LZ","Copy-number high (Serous-like)","Stage I"
"TCGA.AP.A05D.01",67,4,"Y","Y",57.75893389,"DiseaseFree","Grade 3","Serous","Y",3,NA,NA,0,1,"MSS","MSS","1_LOW",57.75893389,"Living","Y","TCGA-AP-A05D","Copy-number high (Serous-like)","Stage III"
"TCGA.D1.A16D.01",49,1,"Y","Y",37.48745368,"DiseaseFree","Grade 2","Endometrioid","Y",4,1,0.918650794,0,3,"MSS","MSS","1_LOW",37.48745368,"Living","Y","TCGA-D1-A16D","Copy-number low (Endometriod)","Stage I"
"TCGA.AP.A0LM.01",33,1,"Y","Y",27.10530174,"DiseaseFree","Grade 3","Endometrioid","Y",4,2,0.953263868,0,3,"MSS","MSS","3_HIGHEST",27.10530174,"Living","Y","TCGA-AP-A0LM","POLE (Ultra-mutated)","Stage III"
"TCGA.AP.A0LS.01",63,1,"Y","N",63.01571968,"DiseaseFree","Grade 2","Endometrioid","N",1,6,0.936182815,1,NA,"MSI-H","MSI-H",NA,63.01571968,"Living","N","TCGA-AP-A0LS",NA,"Stage I"
"TCGA.BG.A0MQ.01",71,2,"Y","Y",39.2944738,"DiseaseFree","Grade 1","Endometrioid","Y",1,3,0.897648505,1,2,"MSI-H","MSI-H","2_HIGH",39.2944738,"Living","Y","TCGA-BG-A0MQ","MSI (Hyper-mutated)","Stage I"
"TCGA.AP.A05J.01",66,4,"Y","Y",36.86321037,"DiseaseFree","Grade 3","Serous","Y",3,NA,NA,0,1,"MSS","MSS","1_LOW",36.86321037,"Living","Y","TCGA-AP-A05J","Copy-number high (Serous-like)","Stage II"
"TCGA.EY.A1GR.01",67,4,"Y","N",17.6102324,"DiseaseFree","Grade 3","Endometrioid","N",3,6,0.936182815,0,1,"MSS","MSS",NA,17.6102324,"Living","Y","TCGA-EY-A1GR",NA,"Stage I"
"TCGA.AX.A06J.01",71,2,"Y","N",29.99653393,"DiseaseFree","Grade 3","Endometrioid","N",1,4,0.828806248,0,3,"MSS","MSS",NA,29.99653393,"Living","Y","TCGA-AX-A06J",NA,"Stage I"
"TCGA.B5.A0JV.01",63,2,"Y","Y",22.93272802,"Recurred","Grade 2","Endometrioid","Y",1,1,0.918650794,1,2,"MSI-H","MSI-H","2_HIGH",40.64152515,"Living","Y","TCGA-B5-A0JV","MSI (Hyper-mutated)","Stage I"
"TCGA.B5.A0K7.01",64,3,"Y","Y",10.5464265,"Recurred","Grade 1","Endometrioid","Y",4,5,0.756697585,0,3,"MSS","MSS","1_LOW",17.05169891,"Living","Y","TCGA-B5-A0K7","Copy-number low (Endometriod)","Stage I"
"TCGA.AX.A2HC.01",53,2,"Y","N",NA,"Recurred","Grade 3","Endometrioid","N",1,3,0.897648505,0,1,"MSI-H","MSI-H",NA,33.38058978,"Living","Y","TCGA-AX-A2HC",NA,"Stage III"
"TCGA.AP.A1DH.01",62,1,"Y","N",71.62370642,"DiseaseFree","Grade 3","Endometrioid","N",1,3,0.897648505,1,1,"MSI-H","MSI-H",NA,71.62370642,"Living","Y","TCGA-AP-A1DH",NA,"Stage I"
"TCGA.BG.A0YU.01",37,2,"Y","Y",14.81756495,"DiseaseFree","Grade 1","Endometrioid","Y",3,3,0.897648505,0,2,"MSS","MSS","1_LOW",14.81756495,"Living","Y","TCGA-BG-A0YU","Copy-number low (Endometriod)","Stage I"
"TCGA.BG.A0VX.01",58,1,"Y","Y",16.09890649,"DiseaseFree","Grade 1","Endometrioid","Y",4,4,0.918013002,0,3,"MSS","MSS","2_HIGH",16.09890649,"Living","Y","TCGA-BG-A0VX","Copy-number low (Endometriod)","Stage I"
"TCGA.EY.A1GS.01",71,4,"Y","Y",NA,"Recurred","Grade 3","Serous","Y",2,4,0.886489497,0,1,"MSS","MSS","2_HIGH",15.08040424,"Living","Y","TCGA-EY-A1GS","Copy-number high (Serous-like)","Stage IV"
"TCGA.BG.A221.01",84,2,"Y","N",1.807020116,"DiseaseFree","Grade 3","Endometrioid","N",4,4,0.923555802,0,1,"MSI-H","MSI-H",NA,1.807020116,"Living","Y","TCGA-BG-A221",NA,"Stage I"
"TCGA.D1.A160.01",70,3,"Y","Y",3.679750054,"DiseaseFree","Grade 2","Endometrioid","Y",2,6,0.936182815,1,2,"MSI-H","MSI-H","2_HIGH",3.679750054,"Living","Y","TCGA-D1-A160","MSI (Hyper-mutated)","Stage I"
"TCGA.B5.A0K0.01",48,3,"Y","Y",28.32093345,"DiseaseFree","Grade 1","Endometrioid","Y",3,5,0.890025216,0,2,"MSS","MSS","1_LOW",28.32093345,"Living","Y","TCGA-B5-A0K0","Copy-number low (Endometriod)","Stage I"
"TCGA.BG.A0VW.01",77,2,"Y","Y",4.303993367,"DiseaseFree","Grade 1","Endometrioid","Y",2,6,0.936182815,1,3,"MSI-H","MSI-H","2_HIGH",4.303993367,"Living","Y","TCGA-BG-A0VW","MSI (Hyper-mutated)","Stage I"
"TCGA.A5.A0GP.01",58,1,"Y","Y",46.52255426,"DiseaseFree","Grade 1","Endometrioid","Y",2,6,0.751790929,0,1,"MSS","MSS","3_HIGHEST",46.52255426,"Living","Y","TCGA-A5-A0GP","POLE (Ultra-mutated)","Stage I"
"TCGA.AX.A2HH.01",60,3,"Y","N",17.70879714,"DiseaseFree","Grade 3","Endometrioid","N",2,1,0.918650794,0,NA,"MSS","MSS",NA,17.70879714,"Living","N","TCGA-AX-A2HH",NA,"Stage I"
"TCGA.AP.A05P.01",54,3,"Y","Y",20.89572352,"DiseaseFree","Grade 1","Endometrioid","Y",4,1,0.918650794,0,2,"MSS","MSS","1_LOW",20.89572352,"Living","Y","TCGA-AP-A05P","Copy-number low (Endometriod)","Stage I"
"TCGA.D1.A163.01",50,1,"Y","Y",7.326645198,"Recurred","Grade 2","Endometrioid","Y",1,5,0.932869329,1,2,"MSI-H","MSI-H","2_HIGH",32.559217,"Living","Y","TCGA-D1-A163","MSI (Hyper-mutated)","Stage III"
"TCGA.A5.A0GW.01",46,2,"Y","Y",23.19556731,"DiseaseFree","Grade 3","Endometrioid","Y",2,2,0.79763473,1,1,"MSI-H","MSI-H","2_HIGH",23.19556731,"Living","Y","TCGA-A5-A0GW","MSI (Hyper-mutated)","Stage I"
"TCGA.BS.A0WQ.01",55,2,"Y","Y",39.65587782,"DiseaseFree","Grade 2","Endometrioid","Y",4,6,0.936182815,0,3,"MSS","MSS","1_LOW",39.65587782,"Living","Y","TCGA-BS-A0WQ","Copy-number low (Endometriod)","Stage I"
"TCGA.D1.A17R.01",58,2,"Y","Y",11.1378149,"DiseaseFree","Grade 2","Endometrioid","Y",1,5,0.932869329,1,3,"MSI-H","MSI-H","2_HIGH",11.1378149,"Deceased","Y","TCGA-D1-A17R","MSI (Hyper-mutated)","Stage I"
"TCGA.DI.A1BY.01",63,1,"Y","N",NA,"","Grade 2","Endometrioid","N",2,2,0.934636502,0,3,"MSS","MSS",NA,36.60037108,"Living","Y","TCGA-DI-A1BY",NA,"Stage II"
"TCGA.AX.A2HF.01",67,4,"Y","Y",16.06605158,"DiseaseFree","Grade 3","Serous","Y",3,3,0.840372671,0,1,"MSS","MSS",NA,16.06605158,"Living","Y","TCGA-AX-A2HF","Copy-number high (Serous-like)","Stage I"
"TCGA.D1.A16I.01",62,4,"Y","Y",11.46636401,"DiseaseFree","Grade 3","Serous","Y",3,2,0.953263868,0,1,"MSS","MSS","1_LOW",11.46636401,"Deceased","Y","TCGA-D1-A16I","Copy-number high (Serous-like)","Stage I"
"TCGA.EY.A1GC.01",62,4,"Y","N",4.533977746,"DiseaseFree","Grade 3","Endometrioid","N",4,6,0.858645969,1,1,"MSS","MSS",NA,4.533977746,"Living","Y","TCGA-EY-A1GC",NA,"Stage I"
"TCGA.D1.A16R.01",39,NA,"N","N",0.689953135,"DiseaseFree","Grade 1","Endometrioid","Y",4,5,0.932869329,0,3,"MSS","MSS","1_LOW",0.689953135,"Living","Y","TCGA-D1-A16R",NA,"Stage I"
"TCGA.BG.A18A.01",74,2,"Y","Y",13.99619217,"DiseaseFree","Grade 1","Endometrioid","Y",2,2,0.953263868,0,3,"MSS","MSS","1_LOW",13.99619217,"Living","Y","TCGA-BG-A18A","Copy-number low (Endometriod)","Stage I"
"TCGA.EY.A1GI.01",52,1,"Y","N",23.29413204,"DiseaseFree","Grade 2","Endometrioid","N",2,2,0.953263868,0,NA,"MSS","MSS",NA,23.29413204,"Living","N","TCGA-EY-A1GI",NA,"Stage I"
"TCGA.BS.A0TG.01",60,2,"Y","Y",NA,"Recurred","Grade 2","Endometrioid","Y",4,4,0.923555802,0,3,"MSS","MSS","1_LOW",61.76723306,"Living","Y","TCGA-BS-A0TG","Copy-number low (Endometriod)","Stage I"
"TCGA.BK.A13C.01",47,3,"Y","Y",13.53622341,"DiseaseFree","Grade 2","Endometrioid","Y",2,6,0.936182815,0,2,"MSS","MSS","1_LOW",13.53622341,"Living","Y","TCGA-BK-A13C","Copy-number low (Endometriod)","Stage I"
"TCGA.BG.A18C.01",72,4,"Y","Y",15.44180826,"DiseaseFree","Grade 2","Endometrioid","Y",3,3,0.45957569,0,1,"MSS","MSS","1_LOW",15.44180826,"Living","Y","TCGA-BG-A18C","Copy-number high (Serous-like)","Stage I"
"TCGA.D1.A15Z.01",72,2,"Y","Y",1.90558485,"DiseaseFree","Grade 2","Endometrioid","Y",4,6,0.936182815,0,2,"MSI-L","MSI-L","1_LOW",1.90558485,"Deceased","Y","TCGA-D1-A15Z","Copy-number low (Endometriod)","Stage I"
"TCGA.AP.A1E3.01",45,2,"Y","N",NA,"Recurred","Grade 3","Endometrioid","N",2,2,0.953263868,0,1,"MSS","MSS",NA,27.82810979,"Living","Y","TCGA-AP-A1E3",NA,"Stage III"
"TCGA.AP.A1DR.01",59,1,"Y","N",49.11809224,"DiseaseFree","Grade 2","Endometrioid","N",1,5,0.80219575,1,2,"MSI-H","MSI-H",NA,49.11809224,"Living","Y","TCGA-AP-A1DR",NA,"Stage III"
"TCGA.A5.A0GJ.01",44,4,"Y","Y",0.394258934,"Recurred","Grade 2","Endometrioid","Y",1,3,0.888897494,0,3,"MSS","MSS","1_LOW",65.7098224,"Living","Y","TCGA-A5-A0GJ","Copy-number high (Serous-like)","Stage I"
"TCGA.AP.A0LH.01",60,4,"Y","Y",9.889328271,"Recurred","Grade 3","Mixed","Y",4,4,0.886489497,0,2,"MSS","MSS","1_LOW",36.33753179,"Deceased","Y","TCGA-AP-A0LH","Copy-number high (Serous-like)","Stage I"
"TCGA.A5.A0RA.01",68,1,"Y","Y",29.01088659,"DiseaseFree","Grade 2","Endometrioid","Y",2,4,0.923555802,0,2,"MSS","MSS","1_LOW",29.01088659,"Living","Y","TCGA-A5-A0RA","Copy-number low (Endometriod)","Stage I"
"TCGA.EY.A1H0.01",57,2,"Y","N",14.71900022,"Recurred","Grade 2","Endometrioid","N",1,3,0.897648505,1,2,"MSI-H","MSI-H",NA,19.31868779,"Living","Y","TCGA-EY-A1H0",NA,"Stage III"
"TCGA.EY.A1GO.01",65,3,"Y","N",16.98598909,"Recurred","Grade 2","Endometrioid","N",4,6,0.875629713,1,NA,"MSI-H","MSI-H",NA,19.25297796,"Living","N","TCGA-EY-A1GO",NA,"Stage III"
"TCGA.D1.A167.01",70,1,"Y","Y",15.70464755,"DiseaseFree","Grade 2","Endometrioid","Y",1,6,0.93181747,1,1,"MSI-H","MSI-H","3_HIGHEST",15.70464755,"Living","Y","TCGA-D1-A167","MSI (Hyper-mutated)","Stage I"
"TCGA.D1.A15V.01",68,4,"Y","Y",39.45874835,"DiseaseFree","Grade 3","Serous","Y",3,1,0.918650794,0,1,"MSS","MSS","1_LOW",39.45874835,"Living","Y","TCGA-D1-A15V","Copy-number high (Serous-like)","Stage I"
"TCGA.A5.A0VP.01",74,2,"Y","Y",42.28427071,"DiseaseFree","Grade 3","Endometrioid","Y",1,1,0.874537804,0,2,"MSI-H","MSI-H","3_HIGHEST",42.28427071,"Living","Y","TCGA-A5-A0VP","MSI (Hyper-mutated)","Stage I"
"TCGA.AP.A059.01",69,2,"Y","Y",8.2137278,"DiseaseFree","Grade 3","Endometrioid","Y",4,2,0.953263868,0,1,"MSI-H","MSI-H","3_HIGHEST",8.2137278,"Living","Y","TCGA-AP-A059","POLE (Ultra-mutated)","Stage I"
"TCGA.EY.A1GP.01",54,4,"Y","N",18.82586412,"DiseaseFree","Grade 1","Endometrioid","N",3,1,0.918650794,0,NA,"MSS","MSS",NA,18.82586412,"Living","N","TCGA-EY-A1GP",NA,"Stage I"
"TCGA.AP.A1E0.01",40,1,"Y","N",30.88361653,"DiseaseFree","Grade 2","Endometrioid","N",1,1,0.918650794,0,1,"MSI-L","MSS",NA,30.88361653,"Living","Y","TCGA-AP-A1E0",NA,"Stage III"
"TCGA.AP.A1DO.01",62,3,"Y","N",30.98218126,"DiseaseFree","Grade 2","Endometrioid","N",1,5,0.932869329,1,2,"MSI-H","MSI-H",NA,30.98218126,"Living","Y","TCGA-AP-A1DO",NA,"Stage I"
"TCGA.D1.A0ZR.01",57,3,"Y","Y",0.55853349,"DiseaseFree","Grade 2","Endometrioid","Y",4,6,0.770817643,0,2,"MSS","MSS","1_LOW",0.55853349,"Living","Y","TCGA-D1-A0ZR","Copy-number low (Endometriod)","Stage I"
"TCGA.BS.A0U7.01",63,3,"Y","Y",30.68648706,"DiseaseFree","Grade 2","Endometrioid","Y",1,4,0.920652251,1,2,"MSI-L","MSI-H","2_HIGH",30.68648706,"Deceased","Y","TCGA-BS-A0U7","MSI (Hyper-mutated)","Stage I"
"TCGA.BS.A0UA.01",68,1,"Y","Y",17.05169891,"Recurred","Grade 1","Endometrioid","Y",2,5,0.932869329,1,2,"MSI-H","MSI-H","2_HIGH",83.45147445,"Living","Y","TCGA-BS-A0UA","MSI (Hyper-mutated)","Stage I"
"TCGA.BG.A2AD.01",63,1,"Y","N",NA,"","Grade 3","Endometrioid","N",1,1,0.918650794,0,1,"MSI-H","MSI-H",NA,0,"Living","Y","TCGA-BG-A2AD",NA,"Stage III"
"TCGA.EY.A1GM.01",60,4,"Y","N",6.866676441,"DiseaseFree","Grade 3","Mixed","N",3,3,0.888897494,0,1,"MSS","MSS",NA,6.866676441,"Living","Y","TCGA-EY-A1GM",NA,"Stage III"
"TCGA.EY.A1GL.01",51,2,"Y","N",13.93048235,"DiseaseFree","Grade 2","Endometrioid","N",1,4,0.907347869,0,NA,"MSS","MSS",NA,13.93048235,"Living","N","TCGA-EY-A1GL",NA,"Stage II"
"TCGA.BK.A139.01",74,4,"Y","Y",10.15216756,"DiseaseFree","Grade 3","Endometrioid","Y",2,4,0.877287726,0,1,"MSS","MSS","1_LOW",10.15216756,"Living","Y","TCGA-BK-A139","Copy-number high (Serous-like)","Stage I"
"TCGA.B5.A0JR.01",73,3,"Y","N",56.87185129,"DiseaseFree","Grade 3","Endometrioid","Y",1,NA,NA,1,NA,"MSI-H","MSI-H","2_HIGH",56.87185129,"Living","N","TCGA-B5-A0JR",NA,"Stage I"
"TCGA.B5.A0K3.01",62,4,"Y","Y",7.95088851,"Recurred","Grade 3","Endometrioid","Y",3,4,0.923555802,0,1,"MSS","MSS","1_LOW",27.23672138,"Deceased","Y","TCGA-B5-A0K3","Copy-number high (Serous-like)","Stage I"
"TCGA.AP.A1DM.01",60,2,"Y","N",55.85334904,"DiseaseFree","Grade 1","Endometrioid","N",1,5,0.932869329,1,2,"MSI-H","MSI-H",NA,55.85334904,"Living","Y","TCGA-AP-A1DM",NA,"Stage I"
"TCGA.A5.A0G3.01",61,NA,"N","N",26.1196544,"Recurred","Grade 3","Serous","Y",3,4,0.877287726,0,1,"MSS","MSS","1_LOW",46.91681319,"Living","Y","TCGA-A5-A0G3",NA,"Stage III"
"TCGA.FI.A2F8.01",64,4,"Y","Y",25.00258742,"DiseaseFree","Grade 3","Serous","Y",3,6,0.936182815,0,1,"MSS","MSS","1_LOW",25.00258742,"Living","Y","TCGA-FI-A2F8","Copy-number high (Serous-like)","Stage II"
"TCGA.FI.A2EW.01",71,4,"Y","Y",NA,"Recurred","Grade 3","Serous","Y",3,4,0.886489497,0,1,"Indeterminant","Indeterminant","1_LOW",58.9745656,"Living","Y","TCGA-FI-A2EW","Copy-number high (Serous-like)","Stage II"
"TCGA.B5.A0JS.01",54,2,"Y","Y",46.71968373,"DiseaseFree","Grade 1","Endometrioid","Y",4,6,0.936182815,0,2,"MSS","MSS","1_LOW",46.71968373,"Living","Y","TCGA-B5-A0JS","Copy-number low (Endometriod)","Stage I"
"TCGA.B5.A0K4.01",51,2,"Y","Y",17.87307169,"DiseaseFree","Grade 2","Endometrioid","Y",4,6,0.936182815,0,3,"MSS","MSS","1_LOW",17.87307169,"Living","Y","TCGA-B5-A0K4","Copy-number low (Endometriod)","Stage I"
"TCGA.D1.A17D.01",58,1,"Y","Y",30.42364777,"DiseaseFree","Grade 3","Endometrioid","Y",1,3,0.85566506,1,3,"MSI-H","MSI-H","2_HIGH",30.42364777,"Living","Y","TCGA-D1-A17D","MSI (Hyper-mutated)","Stage I"
"TCGA.BS.A0U5.01",76,2,"Y","Y",72.41222428,"DiseaseFree","Grade 1","Endometrioid","Y",4,4,0.869465256,0,2,"MSS","MSS","1_LOW",72.41222428,"Living","Y","TCGA-BS-A0U5","Copy-number low (Endometriod)","Stage I"
"TCGA.AP.A05A.01",81,4,"Y","Y",63.83709246,"DiseaseFree","Grade 3","Serous","Y",3,NA,NA,0,1,"MSS","MSS","1_LOW",63.83709246,"Deceased","Y","TCGA-AP-A05A","Copy-number high (Serous-like)","Stage II"
"TCGA.EY.A1GF.01",75,2,"Y","N",27.13815665,"DiseaseFree","Grade 2","Endometrioid","N",1,6,0.694269048,1,NA,"MSI-H","MSI-H",NA,27.13815665,"Living","N","TCGA-EY-A1GF",NA,"Stage I"
"TCGA.AX.A05U.01",56,2,"Y","Y",29.6351299,"DiseaseFree","Grade 1","Endometrioid","Y",4,6,0.936182815,0,2,"MSS","MSS","1_LOW",29.6351299,"Living","Y","TCGA-AX-A05U","Copy-number low (Endometriod)","Stage I"
"TCGA.A5.A0GR.01",69,4,"Y","N",36.79750054,"DiseaseFree","Grade 2","Endometrioid","N",4,1,0.86844934,0,3,"MSS","MSS",NA,36.79750054,"Living","Y","TCGA-A5-A0GR",NA,"Stage I"
"TCGA.AX.A06D.01",82,2,"Y","N",8.312292534,"Recurred","Grade 2","Endometrioid","N",2,1,0.918650794,0,3,"MSS","MSS",NA,12.25488188,"Deceased","Y","TCGA-AX-A06D",NA,"Stage III"
"TCGA.AX.A060.01",77,3,"Y","Y",35.31902954,"DiseaseFree","Grade 3","Endometrioid","Y",1,5,0.932869329,1,2,"MSI-H","MSI-H","2_HIGH",35.31902954,"Living","Y","TCGA-AX-A060","MSI (Hyper-mutated)","Stage I"
"TCGA.BS.A0TA.01",58,2,"Y","Y",12.94483501,"Recurred","Grade 3","Endometrioid","Y",4,4,0.923555802,1,3,"MSI-H","MSI-H","2_HIGH",23.4584066,"Living","Y","TCGA-BS-A0TA","MSI (Hyper-mutated)","Stage IV"
"TCGA.AX.A1CP.01",84,4,"Y","Y",23.72124589,"Recurred","Grade 3","Serous","Y",3,1,0.918650794,0,1,"MSS","MSS","1_LOW",36.3703867,"Living","Y","TCGA-AX-A1CP","Copy-number high (Serous-like)","Stage I"
"TCGA.AX.A1C5.01",47,2,"Y","N",NA,"","Grade 3","Endometrioid","N",2,3,0.390770931,0,1,"MSI-H","MSI-H",NA,19.18726814,"Living","Y","TCGA-AX-A1C5",NA,"Stage III"
"TCGA.D1.A1O7.01",60,1,"Y","N",1.051357158,"DiseaseFree","Grade 1","Endometrioid","N",2,6,0.936182815,1,NA,"MSI-H","MSI-H",NA,1.051357158,"Living","N","TCGA-D1-A1O7",NA,"Stage I"
"TCGA.AJ.A23O.01",69,3,"Y","N",NA,"","Grade 3","Endometrioid","N",2,2,0.908260689,1,3,"MSI-H","MSI-H",NA,10.25073229,"Deceased","Y","TCGA-AJ-A23O",NA,"Stage I"
"TCGA.BK.A0CC.01",69,4,"Y","Y",10.21787738,"DiseaseFree","Grade 3","Serous","Y",3,4,0.886489497,0,1,"MSS","MSS","1_LOW",10.21787738,"Living","Y","TCGA-BK-A0CC","Copy-number high (Serous-like)","Stage III"
"TCGA.BG.A18B.01",53,1,"Y","Y",15.44180826,"DiseaseFree","Grade 2","Endometrioid","Y",1,1,0.807377395,1,2,"MSI-H","MSI-H","2_HIGH",15.44180826,"Living","Y","TCGA-BG-A18B","MSI (Hyper-mutated)","Stage I"
"TCGA.EY.A1GD.01",51,3,"Y","N",8.148017978,"DiseaseFree","Grade 1","Endometrioid","N",2,6,0.641019608,0,2,"MSS","MSS",NA,8.148017978,"Living","Y","TCGA-EY-A1GD",NA,"Stage I"
"TCGA.A5.A0R9.01",51,2,"Y","Y",24.60832849,"DiseaseFree","Grade 2","Endometrioid","Y",4,6,0.936182815,0,3,"MSS","MSS","1_LOW",24.60832849,"Living","Y","TCGA-A5-A0R9","Copy-number low (Endometriod)","Stage I"
"TCGA.D1.A1NZ.01",60,3,"Y","N",18.00449134,"DiseaseFree","Grade 1","Endometrioid","N",1,1,0.918650794,1,NA,"MSI-H","MSI-H",NA,18.00449134,"Living","N","TCGA-D1-A1NZ",NA,"Stage I"
"TCGA.D1.A1NX.01",66,4,"Y","Y",15.63893773,"Recurred","Grade 3","Serous","Y",3,6,0.936182815,0,1,"MSS","MSS","1_LOW",18.23447572,"Living","Y","TCGA-D1-A1NX","Copy-number high (Serous-like)","Stage III"
"TCGA.DI.A0WH.01",64,3,"Y","Y",NA,"","Grade 3","Endometrioid","Y",3,5,0.900244534,1,3,"MSI-H","MSI-H","2_HIGH",16.26318104,"Living","Y","TCGA-DI-A0WH","MSI (Hyper-mutated)","Stage I"
"TCGA.AP.A0L8.01",70,4,"Y","Y",47.70533106,"Recurred","Grade 3","Serous","Y",4,1,0.918650794,0,1,"MSS","MSS","1_LOW",48.75668822,"Deceased","Y","TCGA-AP-A0L8","Copy-number high (Serous-like)","Stage III"
"TCGA.AP.A0LI.01",67,4,"Y","Y",97.64479609,"DiseaseFree","Grade 3","Serous","Y",4,4,0.886489497,0,1,"MSS","MSS","1_LOW",97.64479609,"Living","Y","TCGA-AP-A0LI","Copy-number high (Serous-like)","Stage III"
"TCGA.EY.A210.01",82,4,"Y","N",12.58343099,"DiseaseFree","Grade 3","Mixed","N",3,3,0.888897494,0,NA,"MSI-L","MSI-L",NA,12.58343099,"Living","N","TCGA-EY-A210",NA,"Stage III"
"TCGA.BG.A222.01",49,2,"Y","N",9.560779159,"DiseaseFree","Grade 3","Endometrioid","N",1,5,0.932869329,0,1,"MSI-H","MSI-H",NA,9.560779159,"Living","Y","TCGA-BG-A222",NA,"Stage I"
"TCGA.B5.A0JZ.01",60,1,"Y","Y",11.69634839,"Recurred","Grade 3","Endometrioid","Y",2,5,0.930343034,1,2,"MSI-H","MSI-H","2_HIGH",28.61662766,"Living","Y","TCGA-B5-A0JZ","MSI (Hyper-mutated)","Stage III"
"TCGA.D1.A16N.01",51,4,"Y","Y",31.04789108,"DiseaseFree","Grade 3","Endometrioid","Y",4,6,0.819387387,1,1,"MSI-H","MSI-H","1_LOW",31.04789108,"Living","Y","TCGA-D1-A16N","MSI (Hyper-mutated)","Stage III"
"TCGA.D1.A103.01",87,1,"Y","Y",21.97993559,"DiseaseFree","Grade 1","Endometrioid","Y",4,6,0.877018213,1,2,"MSI-L","MSI-H","3_HIGHEST",21.97993559,"Living","Y","TCGA-D1-A103","POLE (Ultra-mutated)","Stage I"
"TCGA.BG.A0M6.01",73,4,"Y","Y",22.04564542,"DiseaseFree","Grade 3","Serous","Y",3,4,0.757451043,0,1,"MSS","MSS","1_LOW",22.04564542,"Deceased","Y","TCGA-BG-A0M6","Copy-number high (Serous-like)","Stage III"
"TCGA.D1.A0ZV.01",58,1,"Y","Y",23.91837535,"DiseaseFree","Grade 2","Endometrioid","Y",4,4,0.923555802,0,3,"MSS","MSS","1_LOW",23.91837535,"Living","Y","TCGA-D1-A0ZV","Copy-number low (Endometriod)","Stage I"
"TCGA.A5.A0G5.01",73,4,"Y","Y",36.99463001,"DiseaseFree","Grade 3","Serous","Y",2,4,0.886489497,0,1,"MSI-L","MSI-L","1_LOW",36.99463001,"Living","Y","TCGA-A5-A0G5","Copy-number high (Serous-like)","Stage I"
"TCGA.EY.A1GH.01",70,2,"Y","N",23.29413204,"DiseaseFree","Grade 2","Endometrioid","N",2,6,0.435212832,0,NA,"MSS","MSS",NA,23.29413204,"Living","N","TCGA-EY-A1GH",NA,"Stage I"
"TCGA.D1.A17U.01",53,2,"Y","Y",22.89987311,"DiseaseFree","Grade 2","Endometrioid","Y",1,2,0.908260689,1,2,"MSI-H","MSI-H","2_HIGH",22.89987311,"Living","Y","TCGA-D1-A17U","MSI (Hyper-mutated)","Stage III"
"TCGA.EY.A214.01",66,4,"Y","N",14.39045111,"DiseaseFree","Grade 3","Endometrioid","N",3,6,0.936182815,0,NA,"MSS","MSS",NA,14.39045111,"Living","N","TCGA-EY-A214",NA,"Stage III"
"TCGA.AP.A053.01",90,4,"Y","Y",5.946738927,"DiseaseFree","Grade 3","Endometrioid","Y",3,4,0.877287726,0,1,"MSS","MSS","1_LOW",5.946738927,"Living","Y","TCGA-AP-A053","Copy-number high (Serous-like)","Stage I"
"TCGA.D1.A179.01",76,4,"Y","N",14.02904708,"Recurred","Grade 3","Serous","N",3,1,0.469920802,0,1,"MSS","MSS",NA,14.71900022,"Deceased","Y","TCGA-D1-A179",NA,"Stage III"
"TCGA.D1.A16X.01",54,1,"Y","Y",3.646895143,"DiseaseFree","Grade 2","Endometrioid","Y",4,5,0.890025216,0,3,"MSS","MSS","3_HIGHEST",3.646895143,"Living","Y","TCGA-D1-A16X","POLE (Ultra-mutated)","Stage I"
"TCGA.AX.A062.01",53,1,"Y","Y",45.93116586,"DiseaseFree","Grade 1","Endometrioid","Y",4,4,0.923555802,0,2,"MSS","MSS","1_LOW",45.93116586,"Living","Y","TCGA-AX-A062","Copy-number low (Endometriod)","Stage I"
"TCGA.EY.A1GQ.01",76,3,"Y","N",10.97354034,"Recurred","Grade 3","Endometrioid","N",1,2,0.953263868,1,2,"MSI-H","MSI-H",NA,17.87307169,"Living","Y","TCGA-EY-A1GQ",NA,"Stage I"
"TCGA.EC.A1NJ.01",73,2,"Y","N",8.575131823,"DiseaseFree","Grade 2","Endometrioid","N",1,6,0.936182815,1,NA,"MSI-H","MSI-H",NA,8.575131823,"Living","N","TCGA-EC-A1NJ",NA,"Stage II"
"TCGA.BS.A0TJ.01",59,1,"Y","Y",49.74233556,"DiseaseFree","Grade 3","Endometrioid","Y",1,3,0.840372671,1,1,"MSI-H","MSI-H","2_HIGH",49.74233556,"Living","Y","TCGA-BS-A0TJ","MSI (Hyper-mutated)","Stage I"
"TCGA.AX.A06L.01",63,1,"Y","N",60.58445625,"DiseaseFree","Grade 1","Endometrioid","Y",3,6,0.936182815,0,NA,"MSS","MSS","1_LOW",60.58445625,"Living","N","TCGA-AX-A06L",NA,"Stage I"
"TCGA.D1.A16F.01",60,NA,"N","N",2.628392896,"DiseaseFree","Grade 2","Endometrioid","Y",2,1,0.519368529,1,3,"MSI-H","MSI-H","2_HIGH",2.628392896,"Living","Y","TCGA-D1-A16F",NA,"Stage I"
"TCGA.B5.A11Q.01",64,3,"Y","Y",32.03353842,"DiseaseFree","Grade 1","Endometrioid","Y",1,6,0.936182815,0,2,"MSS","MSS","1_LOW",32.03353842,"Living","Y","TCGA-B5-A11Q","Copy-number low (Endometriod)","Stage III"
"TCGA.BG.A0MO.01",63,2,"Y","Y",NA,"","Grade 1","Endometrioid","Y",2,5,0.900509523,0,2,"MSS","MSS","1_LOW",42.97422385,"Living","Y","TCGA-BG-A0MO","Copy-number low (Endometriod)","Stage I"
"TCGA.AP.A0LN.01",56,2,"Y","Y",82.46582711,"DiseaseFree","Grade 1","Endometrioid","Y",2,6,0.460983716,0,3,"MSS","MSS","1_LOW",82.46582711,"Living","Y","TCGA-AP-A0LN","Copy-number low (Endometriod)","Stage I"
"TCGA.EY.A212.01",83,4,"Y","Y",NA,"Recurred","Grade 3","Serous","Y",3,4,0.774263515,0,1,"MSS","MSS","1_LOW",9.955038094,"Deceased","Y","TCGA-EY-A212","Copy-number high (Serous-like)","Stage III"
"TCGA.DI.A1C3.01",38,1,"Y","N",NA,"","Grade 2","Endometrioid","N",4,2,0.953263868,0,NA,"MSS","MSS",NA,24.27977938,"Living","N","TCGA-DI-A1C3",NA,"Stage I"
"TCGA.AW.A1PO.01",66,4,"Y","N",0.55853349,"DiseaseFree","Grade 3","Endometrioid","N",3,3,0.897648505,0,1,"MSS","MSS",NA,0.55853349,"Living","Y","TCGA-AW-A1PO",NA,"Stage III"
"TCGA.D1.A102.01",49,2,"Y","Y",4.435413012,"DiseaseFree","Grade 2","Endometrioid","Y",4,5,0.887382298,NA,2,"MSS","MSS","1_LOW",4.435413012,"Living","Y","TCGA-D1-A102","Copy-number low (Endometriod)","Stage I"
"TCGA.BG.A0VZ.01",58,2,"Y","Y",NA,"","Grade 2","Endometrioid","Y",1,6,0.936182815,1,2,"MSI-H","MSI-H","2_HIGH",28.51806292,"Living","Y","TCGA-BG-A0VZ","MSI (Hyper-mutated)","Stage I"
"TCGA.AX.A063.01",63,2,"Y","Y",66.49834027,"DiseaseFree","Grade 2","Endometrioid","Y",1,5,0.932869329,1,2,"MSI-H","MSI-H","3_HIGHEST",66.49834027,"Living","Y","TCGA-AX-A063","MSI (Hyper-mutated)","Stage I"
"TCGA.BS.A0TD.01",65,1,"Y","Y",65.77553222,"DiseaseFree","Grade 1","Endometrioid","Y",4,4,0.923555802,0,3,"MSS","MSS","1_LOW",65.77553222,"Living","Y","TCGA-BS-A0TD","Copy-number low (Endometriod)","Stage I"
"TCGA.BG.A187.01",65,2,"Y","Y",14.71900022,"DiseaseFree","Grade 2","Endometrioid","Y",1,6,0.936182815,0,3,"MSI-L","MSI-L","1_LOW",14.71900022,"Living","Y","TCGA-BG-A187","Copy-number low (Endometriod)","Stage I"
"TCGA.BG.A0VV.01",53,2,"Y","Y",8.542276912,"DiseaseFree","Grade 1","Endometrioid","Y",4,6,0.936182815,0,2,"MSS","MSS","1_LOW",8.542276912,"Living","Y","TCGA-BG-A0VV","Copy-number low (Endometriod)","Stage I"
"TCGA.B5.A0JU.01",57,1,"Y","N",48.72383331,"DiseaseFree","Grade 2","Endometrioid","N",1,5,0.932869329,1,NA,"MSI-H","MSI-H",NA,48.72383331,"Living","N","TCGA-B5-A0JU",NA,"Stage I"
"TCGA.B5.A0K6.01",58,2,"Y","Y",13.99619217,"DiseaseFree","Grade 1","Endometrioid","Y",1,5,0.932869329,1,3,"MSI-H","MSI-H","2_HIGH",13.99619217,"Living","Y","TCGA-B5-A0K6","MSI (Hyper-mutated)","Stage I"
"TCGA.D1.A16B.01",64,1,"Y","Y",36.33753179,"DiseaseFree","Grade 2","Endometrioid","Y",4,4,0.877287726,0,2,"MSS","MSS","1_LOW",36.33753179,"Living","Y","TCGA-D1-A16B","Copy-number low (Endometriod)","Stage I"
"TCGA.AX.A064.01",81,3,"Y","Y",34.95762552,"DiseaseFree","Grade 2","Endometrioid","Y",2,NA,NA,1,2,"MSI-H","MSI-H","2_HIGH",34.95762552,"Living","Y","TCGA-AX-A064","MSI (Hyper-mutated)","Stage I"
"TCGA.AX.A05S.01",81,2,"Y","Y",11.07210507,"Recurred","Grade 3","Endometrioid","Y",1,4,0.909932648,1,3,"MSI-H","MSI-H","2_HIGH",13.56907833,"Deceased","Y","TCGA-AX-A05S","MSI (Hyper-mutated)","Stage III"
"TCGA.AP.A0LP.01",76,1,"Y","Y",61.6029585,"DiseaseFree","Grade 1","Endometrioid","Y",2,6,0.936182815,1,3,"MSI-H","MSI-H","2_HIGH",61.6029585,"Living","Y","TCGA-AP-A0LP","MSI (Hyper-mutated)","Stage I"
"TCGA.D1.A1O8.01",70,1,"Y","N",5.651044726,"DiseaseFree","Grade 3","Endometrioid","N",2,5,0.883397264,0,1,"MSS","MSS",NA,5.651044726,"Living","Y","TCGA-D1-A1O8",NA,"Stage III"
"TCGA.D1.A1NW.01",72,4,"Y","N",0.722808046,"DiseaseFree","Grade 3","Mixed","N",3,6,0.736696762,0,1,"MSI-L","MSS",NA,0.722808046,"Living","Y","TCGA-D1-A1NW",NA,"Stage IV"
"TCGA.DI.A1BU.01",55,1,"Y","N",NA,"","Grade 3","Mixed","N",2,5,0.930343034,0,NA,"MSI-H","MSI-H",NA,39.26161888,"Living","N","TCGA-DI-A1BU",NA,"Stage II"
"TCGA.EY.A1GU.01",66,3,"Y","N",12.41915643,"DiseaseFree","Grade 2","Endometrioid","N",1,5,0.910202499,1,2,"MSI-H","MSI-H",NA,12.41915643,"Living","Y","TCGA-EY-A1GU",NA,"Stage I"
"TCGA.BS.A0TE.01",35,4,"Y","Y",1.90558485,"Recurred","Grade 3","Endometrioid","Y",3,5,0.930343034,1,1,"MSI-H","MSI-H","2_HIGH",4.796817035,"Deceased","Y","TCGA-BS-A0TE","MSI (Hyper-mutated)","Unknown"
"TCGA.BG.A0MG.01",73,2,"Y","Y",48.52670384,"DiseaseFree","Grade 1","Endometrioid","Y",2,4,0.798974359,0,1,"MSS","MSS","1_LOW",48.52670384,"Living","Y","TCGA-BG-A0MG","Copy-number low (Endometriod)","Stage I"
"TCGA.B5.A0KB.01",62,4,"Y","N",4.074008989,"DiseaseFree","Grade 3","Endometrioid","N",4,4,0.923555802,0,1,"MSS","MSS",NA,4.074008989,"Living","Y","TCGA-B5-A0KB",NA,"Stage I"
"TCGA.BG.A0MH.01",61,NA,"N","N",NA,"","Grade 2","Endometrioid","N",4,5,0.867965161,0,3,"MSS","MSS",NA,44.05843592,"Living","Y","TCGA-BG-A0MH",NA,"Stage I"
"TCGA.A5.A0GX.01",53,2,"Y","Y",68.56819967,"DiseaseFree","Grade 2","Endometrioid","Y",4,2,0.953263868,0,3,"MSS","MSS","1_LOW",68.56819967,"Living","Y","TCGA-A5-A0GX","Copy-number low (Endometriod)","Stage I"
"TCGA.B5.A0JX.01",62,2,"Y","N",44.68267923,"DiseaseFree","Grade 3","Endometrioid","N",2,2,0.953263868,0,2,"MSS","MSS",NA,44.68267923,"Living","Y","TCGA-B5-A0JX",NA,"Stage I"
"TCGA.B5.A0K9.01",88,3,"Y","N",NA,"DiseaseFree","Grade 1","Endometrioid","Y",1,1,0.913841183,1,NA,"MSI-H","MSI-H","2_HIGH",NA,"","N","TCGA-B5-A0K9",NA,"Stage II"
"TCGA.BG.A0M3.01",74,3,"Y","Y",35.1876099,"DiseaseFree","Grade 2","Endometrioid","Y",1,5,0.396873131,0,2,"MSS","MSS","1_LOW",35.1876099,"Living","Y","TCGA-BG-A0M3","Copy-number low (Endometriod)","Stage I"
"TCGA.AX.A1CC.01",65,1,"Y","N",12.41915643,"DiseaseFree","Grade 3","Serous","N",3,1,0.891243726,0,1,"MSI-L","MSI-L",NA,12.41915643,"Living","Y","TCGA-AX-A1CC",NA,"Stage I"
"TCGA.D1.A2G6.01",53,3,"Y","N",NA,"Recurred","Grade 3","Endometrioid","N",2,2,0.912165907,1,3,"MSI-H","MSI-H",NA,8.47656709,"Deceased","Y","TCGA-D1-A2G6",NA,"Stage III"
"TCGA.AP.A0LF.01",82,4,"Y","Y",NA,"Recurred","Grade 3","Endometrioid","Y",4,4,0.877755907,0,1,"MSS","MSS","2_HIGH",3.384055854,"Living","Y","TCGA-AP-A0LF","Copy-number high (Serous-like)","Stage IV"
"TCGA.D1.A17T.01",67,2,"Y","Y",2.299843784,"DiseaseFree","Grade 2","Endometrioid","Y",1,6,0.807152783,0,3,"MSS","MSS","1_LOW",2.299843784,"Living","Y","TCGA-D1-A17T","Copy-number low (Endometriod)","Stage I"
"TCGA.D1.A0ZU.01",34,2,"Y","Y",28.64948257,"DiseaseFree","Grade 2","Endometrioid","Y",4,2,0.953263868,0,2,"MSS","MSS","1_LOW",28.64948257,"Living","Y","TCGA-D1-A0ZU","Copy-number low (Endometriod)","Stage I"
"TCGA.AX.A2H5.01",67,4,"Y","Y",NA,"","Grade 3","Serous","Y",3,4,0.871917175,0,1,"MSS","MSS",NA,71.19659257,"Living","Y","TCGA-AX-A2H5","Copy-number high (Serous-like)","Stage III"
"TCGA.AP.A0LL.01",56,3,"Y","Y",25.95537985,"Recurred","Grade 1","Endometrioid","Y",2,5,0.932869329,0,3,"MSS","MSS","1_LOW",83.9114432,"Living","Y","TCGA-AP-A0LL","Copy-number low (Endometriod)","Stage I"
"TCGA.B5.A1MZ.01",54,3,"Y","N",15.27753371,"DiseaseFree","Grade 1","Endometrioid","N",4,5,0.932869329,0,NA,"MSI-L","MSI-L",NA,15.27753371,"Living","N","TCGA-B5-A1MZ",NA,"Unknown"
"TCGA.BG.A0M4.01",60,2,"Y","Y",34.95762552,"DiseaseFree","Grade 3","Endometrioid","Y",2,4,0.923555802,1,3,"MSI-H","MSI-H","2_HIGH",34.95762552,"Living","Y","TCGA-BG-A0M4","MSI (Hyper-mutated)","Stage I"
"TCGA.AX.A1CI.01",61,2,"Y","N",72.51078902,"DiseaseFree","Grade 1","Endometrioid","N",2,1,0.894790354,0,2,"MSS","MSS",NA,72.51078902,"Living","Y","TCGA-AX-A1CI",NA,"Stage I"
"TCGA.D1.A1O0.01",77,4,"Y","N",2.069859406,"DiseaseFree","Grade 3","Endometrioid","N",3,3,0.897648505,0,1,"MSS","MSS",NA,2.069859406,"Living","Y","TCGA-D1-A1O0",NA,"Stage I"
"TCGA.A5.A1OF.01",47,1,"Y","N",7.918033599,"DiseaseFree","Grade 3","Mixed","N",2,4,0.923555802,0,1,"MSI-H","MSI-H",NA,7.918033599,"Living","Y","TCGA-A5-A1OF",NA,"Stage I"
"TCGA.EO.A1Y8.01",87,4,"Y","Y",10.77641087,"DiseaseFree","Grade 3","Serous","Y",3,1,0.777473716,0,1,"MSS","MSS","1_LOW",10.77641087,"Living","Y","TCGA-EO-A1Y8","Copy-number high (Serous-like)","Stage I"
"TCGA.D1.A165.01",64,2,"Y","Y",0.657098224,"DiseaseFree","Grade 1","Endometrioid","Y",2,2,0.953263868,0,2,"MSS","MSS","1_LOW",0.657098224,"Living","Y","TCGA-D1-A165","Copy-number low (Endometriod)","Stage I"
"TCGA.D1.A17Q.01",54,1,"Y","Y",1.774165205,"DiseaseFree","Grade 2","Endometrioid","Y",2,3,0.888581036,0,3,"MSI-L","MSI-L","3_HIGHEST",1.774165205,"Living","Y","TCGA-D1-A17Q","POLE (Ultra-mutated)","Stage I"
"TCGA.D1.A169.01",63,4,"Y","Y",17.05169891,"Recurred","Grade 2","Endometrioid","Y",2,5,0.905982296,0,3,"MSS","MSS","1_LOW",37.29032421,"Living","Y","TCGA-D1-A169","Copy-number high (Serous-like)","Stage IV"
"TCGA.D1.A15X.01",45,1,"Y","Y",29.86511428,"DiseaseFree","Grade 3","Serous","Y",2,4,0.921320947,0,1,"MSI-L","MSI-L","3_HIGHEST",29.86511428,"Living","Y","TCGA-D1-A15X","Copy-number low (Endometriod)","Stage I"
"TCGA.BG.A0M7.01",60,1,"Y","Y",38.34168137,"DiseaseFree","Grade 2","Endometrioid","Y",2,4,0.190161319,0,3,"MSS","MSS","1_LOW",38.34168137,"Living","Y","TCGA-BG-A0M7","Copy-number low (Endometriod)","Stage III"
"TCGA.AX.A1CE.01",60,1,"Y","N",NA,"","Grade 3","Endometrioid","N",1,6,0.802482844,0,2,"MSI-H","MSI-H",NA,20.04149583,"Living","Y","TCGA-AX-A1CE",NA,"Stage I"
"TCGA.B5.A1N2.01",70,4,"Y","N",NA,"","Grade 3","Serous","N",3,2,0.953263868,0,1,"MSS","MSS",NA,12.78056046,"Living","Y","TCGA-B5-A1N2",NA,"Stage III"
"TCGA.AP.A05O.01",68,2,"Y","N",11.17066981,"Recurred","Grade 3","Endometrioid","N",2,2,0.953263868,1,2,"MSI-H","MSI-H",NA,12.18917206,"Living","Y","TCGA-AP-A05O",NA,"Stage I"
"TCGA.DI.A1NO.01",68,4,"Y","N",NA,"Recurred","Grade 3","Endometrioid","N",3,3,0.840372671,0,1,"MSS","MSS",NA,9.363649692,"Deceased","Y","TCGA-DI-A1NO",NA,"Stage III"
"TCGA.A5.A1OK.01",63,3,"Y","N",7.983743422,"DiseaseFree","Grade 3","Endometrioid","N",2,2,0.953263868,0,2,"MSS","MSS",NA,7.983743422,"Living","Y","TCGA-A5-A1OK",NA,"Stage III"
"TCGA.D1.A0ZP.01",59,4,"Y","Y",20.66573914,"Recurred","Grade 3","Serous","Y",3,4,0.886489497,0,1,"MSI-L","MSI-L","1_LOW",29.9308241,"Living","Y","TCGA-D1-A0ZP","Copy-number high (Serous-like)","Stage IV"
"TCGA.D1.A1O5.01",61,1,"Y","N",15.04754933,"DiseaseFree","Grade 1","Endometrioid","N",4,3,0.897648505,0,NA,"MSS","MSS",NA,15.04754933,"Living","N","TCGA-D1-A1O5",NA,"Stage I"
"TCGA.AP.A0LT.01",57,1,"Y","Y",49.18380207,"DiseaseFree","Grade 2","Endometrioid","Y",1,5,0.932869329,1,2,"MSI-H","MSI-H","2_HIGH",49.18380207,"Living","Y","TCGA-AP-A0LT","MSI (Hyper-mutated)","Stage II"
"TCGA.AP.A0LE.01",57,2,"Y","Y",110.2939369,"DiseaseFree","Grade 3","Endometrioid","Y",1,5,0.932869329,1,3,"MSI-H","MSI-H","2_HIGH",110.2939369,"Living","Y","TCGA-AP-A0LE","MSI (Hyper-mutated)","Stage I"
"TCGA.AP.A05N.01",58,1,"Y","Y",23.85266553,"DiseaseFree","Grade 1","Endometrioid","Y",1,NA,NA,1,2,"MSI-H","MSI-H","2_HIGH",23.85266553,"Deceased","Y","TCGA-AP-A05N","MSI (Hyper-mutated)","Stage I"
"TCGA.D1.A0ZN.01",60,2,"Y","Y",14.71900022,"Recurred","Grade 1","Endometrioid","Y",1,5,0.677581832,0,2,"MSS","MSS","1_LOW",16.82171453,"Living","Y","TCGA-D1-A0ZN","Copy-number low (Endometriod)","Stage I"
"TCGA.D1.A0ZQ.01",90,3,"Y","Y",8.542276912,"DiseaseFree","Grade 2","Endometrioid","Y",2,2,0.953263868,0,2,"MSS","MSS","1_LOW",8.542276912,"Living","Y","TCGA-D1-A0ZQ","Copy-number low (Endometriod)","Stage I"
"TCGA.EY.A1GJ.01",73,4,"Y","N",23.88552044,"DiseaseFree","Grade 3","Endometrioid","N",3,1,0.918650794,0,NA,"MSS","MSS",NA,23.88552044,"Living","N","TCGA-EY-A1GJ",NA,"Stage I"
"TCGA.E6.A1LX.01",40,1,"Y","N",23.35984186,"DiseaseFree","Grade 3","Endometrioid","N",2,4,0.757451043,0,2,"MSI-L","MSS",NA,23.35984186,"Living","Y","TCGA-E6-A1LX",NA,"Stage I"
"TCGA.AP.A0LO.01",45,3,"Y","Y",16.95313418,"Recurred","Grade 2","Endometrioid","Y",2,NA,NA,1,2,"MSS","MSS","1_LOW",33.38058978,"Deceased","Y","TCGA-AP-A0LO","Copy-number low (Endometriod)","Stage I"
"TCGA.EY.A1GT.01",68,3,"Y","N",16.09890649,"DiseaseFree","Grade 1","Endometrioid","N",1,4,0.877287726,0,3,"MSS","MSS",NA,16.09890649,"Living","Y","TCGA-EY-A1GT",NA,"Stage III"
"TCGA.BG.A0MA.01",60,2,"Y","N",2.792667452,"Recurred","Grade 3","Endometrioid","N",4,6,0.936182815,0,2,"MSS","MSS",NA,10.71070105,"Deceased","Y","TCGA-BG-A0MA",NA,"Stage I"
"TCGA.E6.A1M0.01",56,2,"Y","N",17.018844,"DiseaseFree","Grade 3","Endometrioid","N",4,3,0.811767884,0,1,"MSS","MSS",NA,17.018844,"Living","Y","TCGA-E6-A1M0",NA,"Stage III"
"TCGA.AX.A1CN.01",54,2,"Y","N",25.10115216,"DiseaseFree","Grade 3","Endometrioid","N",3,3,0.897648505,0,1,"MSI-L","MSI-L",NA,25.10115216,"Living","Y","TCGA-AX-A1CN",NA,"Stage II"
"TCGA.BG.A0LX.01",57,2,"Y","Y",20.14006057,"DiseaseFree","Grade 2","Endometrioid","Y",1,3,0.897648505,1,2,"MSI-H","MSI-H","2_HIGH",20.14006057,"Living","Y","TCGA-BG-A0LX","MSI (Hyper-mutated)","Stage I"
"TCGA.BG.A0M9.01",73,2,"Y","Y",28.25522363,"DiseaseFree","Grade 2","Endometrioid","Y",2,6,0.576051552,0,3,"MSS","MSS","1_LOW",28.25522363,"Living","Y","TCGA-BG-A0M9","Copy-number low (Endometriod)","Stage I"
"TCGA.AX.A1CA.01",70,4,"Y","N",20.27148021,"DiseaseFree","Grade 3","Serous","N",3,6,0.877057267,0,1,"Indeterminant","Indeterminant",NA,20.27148021,"Living","Y","TCGA-AX-A1CA",NA,"Stage I"
"TCGA.BG.A0MS.01",53,3,"Y","Y",30.78505179,"DiseaseFree","Grade 3","Endometrioid","Y",2,5,0.932869329,0,2,"MSS","MSS","1_LOW",30.78505179,"Living","Y","TCGA-BG-A0MS","Copy-number low (Endometriod)","Stage III"
"TCGA.AP.A0LQ.01",59,2,"Y","N",80.72451682,"DiseaseFree","Grade 2","Endometrioid","Y",4,4,0.923555802,0,NA,"MSS","MSS","1_LOW",80.72451682,"Living","N","TCGA-AP-A0LQ",NA,"Stage I"
"TCGA.A5.A0VQ.01",62,1,"Y","Y",15.93463193,"DiseaseFree","Grade 3","Endometrioid","Y",1,5,0.932869329,1,3,"MSI-H","MSI-H","2_HIGH",15.93463193,"Living","Y","TCGA-A5-A0VQ","MSI (Hyper-mutated)","Stage I"
"TCGA.AX.A2HG.01",56,2,"Y","N",21.68424139,"DiseaseFree","Grade 3","Endometrioid","N",2,1,0.918650794,1,1,"MSI-H","MSI-H",NA,21.68424139,"Living","Y","TCGA-AX-A2HG",NA,"Stage I"
"TCGA.A5.A0GE.01",38,2,"Y","Y",105.2999904,"DiseaseFree","Grade 2","Endometrioid","Y",2,4,0.8681518,0,2,"MSS","MSS","1_LOW",105.2999904,"Living","Y","TCGA-A5-A0GE","Copy-number low (Endometriod)","Stage I"
"TCGA.EY.A1GK.01",74,2,"Y","N",22.76845346,"DiseaseFree","Grade 3","Endometrioid","N",1,2,0.32464941,1,2,"MSI-H","MSI-H",NA,22.76845346,"Living","Y","TCGA-EY-A1GK",NA,"Stage I"
"TCGA.D1.A17K.01",74,4,"Y","Y",26.77675263,"Recurred","Grade 2","Endometrioid","Y",3,3,0.888897494,0,1,"MSS","MSS","1_LOW",28.05809416,"Living","Y","TCGA-D1-A17K","Copy-number high (Serous-like)","Stage I"
"TCGA.BS.A0V8.01",68,4,"Y","Y",49.51235118,"DiseaseFree","Grade 2","Endometrioid","Y",3,2,0.953263868,0,3,"MSS","MSS","1_LOW",49.51235118,"Living","Y","TCGA-BS-A0V8","Copy-number high (Serous-like)","Stage II"
"TCGA.FI.A2D5.01",56,1,"Y","N",NA,"Recurred","Grade 3","Endometrioid","N",4,2,0.912165907,0,1,"MSS","MSS",NA,13.99619217,"Deceased","Y","TCGA-FI-A2D5",NA,"Stage IV"
"TCGA.AX.A06F.01",59,2,"Y","N",51.056532,"DiseaseFree","Grade 3","Endometrioid","N",2,4,0.914765853,0,1,"MSI-L","MSI-L",NA,51.056532,"Living","Y","TCGA-AX-A06F",NA,"Stage IV"
"TCGA.BG.A0YV.01",67,4,"Y","Y",12.55057608,"DiseaseFree","Grade 3","Serous","Y",4,4,0.877287726,0,1,"MSS","MSS","1_LOW",12.55057608,"Living","Y","TCGA-BG-A0YV","Copy-number high (Serous-like)","Stage III"
"TCGA.AX.A1C8.01",77,4,"Y","Y",NA,"","Grade 3","Serous","Y",3,4,0.886489497,0,1,"MSS","MSS","1_LOW",13.53622341,"Living","Y","TCGA-AX-A1C8","Copy-number high (Serous-like)","Stage III"
"TCGA.AX.A1CK.01",58,3,"Y","N",NA,"Recurred","Grade 2","Endometrioid","N",1,3,0.829517277,0,2,"MSS","MSS",NA,67.41827778,"Living","Y","TCGA-AX-A1CK",NA,"Stage I"
"TCGA.EC.A24G.01",57,2,"Y","N",NA,"","Grade 3","Endometrioid","N",1,2,0.953263868,0,2,"MSI-H","MSI-H",NA,1.511325915,"Living","Y","TCGA-EC-A24G",NA,"Stage II"
"TCGA.A5.A0GD.01",75,NA,"N","N",112.4295061,"DiseaseFree","Grade 2","Endometrioid","Y",1,1,0.795833159,1,2,"MSI-H","MSI-H",NA,112.4295061,"Deceased","Y","TCGA-A5-A0GD",NA,"Stage I"
"TCGA.EO.A1Y5.01",63,4,"Y","Y",10.90783052,"DiseaseFree","Grade 3","Serous","Y",3,4,0.877287726,0,1,"MSS","MSS","1_LOW",10.90783052,"Living","Y","TCGA-EO-A1Y5","Copy-number high (Serous-like)","Stage III"
"TCGA.BS.A0V4.01",56,2,"Y","N",1.018502247,"DiseaseFree","Grade 1","Endometrioid","N",1,5,0.930343034,1,NA,"MSI-H","MSI-H",NA,1.018502247,"Living","N","TCGA-BS-A0V4",NA,"Stage I"
"TCGA.AP.A051.01",69,3,"Y","Y",83.615749,"DiseaseFree","Grade 3","Endometrioid","Y",1,5,0.932869329,1,2,"MSI-H","MSI-H","3_HIGHEST",83.615749,"Living","Y","TCGA-AP-A051","POLE (Ultra-mutated)","Stage I"
"TCGA.FI.A2D4.01",44,2,"Y","N",NA,"Recurred","Grade 3","Endometrioid","N",1,3,0.897648505,1,1,"MSI-H","MSI-H",NA,7.95088851,"Deceased","Y","TCGA-FI-A2D4",NA,"Stage III"
"TCGA.BK.A0CA.01",61,1,"Y","Y",12.18917206,"DiseaseFree","Grade 3","Mixed","Y",4,2,0.953263868,0,2,"MSS","MSS","1_LOW",12.18917206,"Living","Y","TCGA-BK-A0CA","Copy-number low (Endometriod)","Stage III"
"TCGA.AX.A0IW.01",67,4,"Y","Y",37.71743806,"DiseaseFree","Grade 3","Serous","Y",3,4,0.877287726,0,1,"MSI-L","MSI-L","1_LOW",37.71743806,"Living","Y","TCGA-AX-A0IW","Copy-number high (Serous-like)","Stage III"
"TCGA.BG.A0LW.01",47,1,"Y","Y",18.56302483,"DiseaseFree","Grade 2","Endometrioid","Y",4,5,0.932869329,0,2,"MSS","MSS","1_LOW",18.56302483,"Living","Y","TCGA-BG-A0LW","Copy-number low (Endometriod)","Stage I"
"TCGA.BG.A0M8.01",50,4,"Y","Y",36.46895143,"DiseaseFree","Grade 3","Endometrioid","Y",3,5,0.900667706,0,3,"MSS","MSS","1_LOW",36.46895143,"Living","Y","TCGA-BG-A0M8","Copy-number high (Serous-like)","Stage I"
"TCGA.D1.A1NU.01",74,4,"Y","Y",13.2076743,"DiseaseFree","Grade 3","Serous","Y",3,6,0.936182815,0,1,"MSS","MSS","1_LOW",13.2076743,"Living","Y","TCGA-D1-A1NU","Copy-number high (Serous-like)","Stage I"
"TCGA.D1.A17L.01",81,3,"Y","Y",26.34963878,"DiseaseFree","Grade 1","Endometrioid","Y",2,6,0.936182815,1,3,"MSS","MSS","1_LOW",26.34963878,"Living","Y","TCGA-D1-A17L","Copy-number low (Endometriod)","Stage I"
"TCGA.D1.A16Y.01",56,1,"Y","Y",17.47881276,"DiseaseFree","Grade 1","Endometrioid","Y",2,4,0.877287726,0,3,"MSI-L","MSI-L","3_HIGHEST",17.47881276,"Living","Y","TCGA-D1-A16Y","POLE (Ultra-mutated)","Stage I"
"TCGA.A5.A0GI.01",63,2,"Y","Y",57.4960946,"DiseaseFree","Grade 2","Endometrioid","Y",1,5,0.869799717,1,3,"MSI-H","MSI-H","2_HIGH",57.4960946,"Living","Y","TCGA-A5-A0GI","MSI (Hyper-mutated)","Stage I"
"TCGA.BK.A26L.01",71,4,"Y","N",11.92633277,"DiseaseFree","Grade 3","Serous","N",3,4,0.877287726,0,1,"MSS","MSS",NA,11.92633277,"Living","Y","TCGA-BK-A26L",NA,"Stage III"
"TCGA.AX.A0J0.01",47,1,"Y","Y",40.05013675,"DiseaseFree","Grade 2","Endometrioid","Y",4,4,0.877287726,0,1,"MSI-L","MSS","3_HIGHEST",40.05013675,"Living","Y","TCGA-AX-A0J0","POLE (Ultra-mutated)","Stage I"
"TCGA.AX.A05T.01",82,2,"Y","Y",19.81151145,"DiseaseFree","Grade 1","Endometrioid","Y",2,5,0.890025216,0,2,"MSS","MSS","1_LOW",19.81151145,"Living","Y","TCGA-AX-A05T","Copy-number low (Endometriod)","Stage I"
"TCGA.D1.A161.01",78,2,"Y","Y",29.30658079,"DiseaseFree","Grade 1","Endometrioid","Y",4,2,0.953263868,0,2,"MSS","MSS","1_LOW",29.30658079,"Living","Y","TCGA-D1-A161","Copy-number low (Endometriod)","Stage I"
"TCGA.AP.A1DV.01",59,2,"Y","N",6.702401885,"DiseaseFree","Grade 3","Endometrioid","N",1,6,0.898513296,0,2,"MSI-L","MSS",NA,6.702401885,"Living","Y","TCGA-AP-A1DV",NA,"Stage II"
"TCGA.B5.A11M.01",43,NA,"N","N",44.71553414,"DiseaseFree","Grade 1","Endometrioid","Y",3,1,0.820773525,0,2,"MSS","MSS","1_LOW",44.71553414,"Living","Y","TCGA-B5-A11M",NA,"Stage I"
"TCGA.D1.A0ZZ.01",80,4,"Y","Y",22.50561417,"DiseaseFree","Grade 3","Mixed","Y",3,4,0.877287726,NA,1,"MSS","MSS","1_LOW",22.50561417,"Living","Y","TCGA-D1-A0ZZ","Copy-number high (Serous-like)","Stage I"
"TCGA.EY.A1GE.01",67,1,"Y","N",24.3454892,"DiseaseFree","Grade 1","Endometrioid","N",4,5,0.930343034,0,2,"MSS","MSS",NA,24.3454892,"Living","Y","TCGA-EY-A1GE",NA,"Stage I"
"TCGA.BS.A0TI.01",64,4,"Y","Y",47.40963686,"DiseaseFree","Grade 3","Endometrioid","Y",4,5,0.909680147,0,3,"MSS","MSS","1_LOW",47.40963686,"Living","Y","TCGA-BS-A0TI","Copy-number high (Serous-like)","Stage I"
"TCGA.BG.A0W1.01",89,3,"Y","Y",29.79940446,"DiseaseFree","Grade 2","Endometrioid","Y",1,6,0.936182815,0,2,"MSS","MSS","1_LOW",29.79940446,"Living","Y","TCGA-BG-A0W1","Copy-number low (Endometriod)","Stage I"
"TCGA.A5.A0G2.01",57,4,"Y","N",NA,"","Grade 3","Serous","N",1,4,0.882469449,1,1,"MSI-L","MSI-L",NA,NA,"","Y","TCGA-A5-A0G2",NA,"Stage III"
"TCGA.AX.A05Y.01",57,2,"Y","Y",6.340997862,"Recurred","Grade 1","Endometrioid","Y",2,6,0.936182815,1,3,"MSI-H","MSI-H","2_HIGH",71.98511044,"Living","Y","TCGA-AX-A05Y","MSI (Hyper-mutated)","Stage I"
"TCGA.EY.A1GV.01",75,2,"Y","N",15.80321229,"DiseaseFree","Grade 3","Mixed","N",3,4,0.886489497,0,3,"MSS","MSS",NA,15.80321229,"Living","Y","TCGA-EY-A1GV",NA,"Stage III"
"TCGA.AX.A06B.01",72,4,"Y","Y",53.84919946,"DiseaseFree","Grade 3","Endometrioid","Y",4,2,0.953263868,0,1,"MSS","MSS","1_LOW",53.84919946,"Living","Y","TCGA-AX-A06B","Copy-number high (Serous-like)","Stage I"
"TCGA.B5.A11E.01",53,2,"Y","Y",8.706551468,"DiseaseFree","Grade 3","Endometrioid","Y",2,3,0.897648505,1,1,"MSI-L","MSS","3_HIGHEST",8.706551468,"Living","Y","TCGA-B5-A11E","POLE (Ultra-mutated)","Stage I"
"TCGA.BG.A0M0.01",66,2,"Y","Y",19.28583287,"DiseaseFree","Grade 1","Endometrioid","Y",1,6,0.936182815,1,3,"MSI-H","MSI-H","2_HIGH",19.28583287,"Living","Y","TCGA-BG-A0M0","MSI (Hyper-mutated)","Stage I"
"TCGA.EY.A1G7.01",86,3,"Y","N",3.121216564,"Recurred","Grade 2","Endometrioid","N",2,1,0.872298235,0,1,"MSS","MSS",NA,6.209578217,"Deceased","Y","TCGA-EY-A1G7",NA,"Stage II"
"TCGA.A5.A0GV.01",67,3,"Y","Y",9.987893005,"Recurred","Grade 1","Endometrioid","Y",2,5,0.932869329,0,2,"MSS","MSS","1_LOW",20.79715879,"Living","Y","TCGA-A5-A0GV","Copy-number low (Endometriod)","Stage I"
"TCGA.AX.A05Z.01",37,2,"Y","Y",46.42398953,"DiseaseFree","Grade 2","Endometrioid","Y",1,4,0.842435138,0,3,"MSS","MSS","3_HIGHEST",46.42398953,"Living","Y","TCGA-AX-A05Z","POLE (Ultra-mutated)","Stage III"
"TCGA.D1.A17S.01",59,1,"Y","Y",24.27977938,"DiseaseFree","Grade 1","Endometrioid","Y",4,6,0.936182815,0,3,"MSS","MSS","1_LOW",24.27977938,"Living","Y","TCGA-D1-A17S","Copy-number low (Endometriod)","Stage I"
"TCGA.AP.A1DK.01",53,1,"Y","N",60.32161696,"DiseaseFree","Grade 3","Endometrioid","N",3,2,0.953263868,0,1,"MSI-H","MSI-H",NA,60.32161696,"Living","Y","TCGA-AP-A1DK",NA,"Stage I"
"TCGA.B5.A11N.01",69,2,"Y","Y",43.92701627,"DiseaseFree","Grade 1","Endometrioid","Y",2,5,0.932869329,NA,3,"MSI-L","MSS","3_HIGHEST",43.92701627,"Living","Y","TCGA-B5-A11N","POLE (Ultra-mutated)","Stage I"
"TCGA.DI.A1NN.01",63,4,"Y","Y",33.57771925,"Recurred","Grade 3","Serous","Y",3,4,0.923555802,0,1,"MSS","MSS","1_LOW",35.35188445,"Living","Y","TCGA-DI-A1NN","Copy-number high (Serous-like)","Stage III"
"TCGA.AX.A1C7.01",77,4,"Y","Y",12.81341537,"Recurred","Grade 3","Serous","Y",3,3,0.840372671,0,1,"MSS","MSS","1_LOW",16.92027927,"Living","Y","TCGA-AX-A1C7","Copy-number high (Serous-like)","Stage I"
"TCGA.AX.A1C9.01",73,2,"Y","N",15.2446788,"DiseaseFree","Grade 2","Endometrioid","N",2,1,0.911154351,0,1,"MSI-H","MSI-H",NA,15.2446788,"Living","Y","TCGA-AX-A1C9",NA,"Stage I"
"TCGA.FI.A2F9.01",79,4,"Y","N",25.98823476,"DiseaseFree","Grade 3","Endometrioid","N",3,6,-0.061109725,0,1,"MSS","MSS",NA,25.98823476,"Living","Y","TCGA-FI-A2F9",NA,"Stage I"
"TCGA.FI.A2EX.01",58,4,"Y","Y",NA,"Recurred","Grade 3","Serous","Y",3,4,0.886489497,0,1,"MSS","MSS","1_LOW",9.067955491,"Living","Y","TCGA-FI-A2EX","Copy-number high (Serous-like)","Stage III"
"TCGA.A5.A0GG.01",76,2,"Y","N",87.26264415,"DiseaseFree","Grade 1","Endometrioid","N",3,2,0.953263868,1,1,"MSI-H","MSI-H",NA,87.26264415,"Living","Y","TCGA-A5-A0GG",NA,"Stage I"
"TCGA.FI.A2D0.01",55,1,"Y","N",33.97197818,"DiseaseFree","Grade 3","Endometrioid","N",4,4,0.923555802,0,1,"MSI-H","MSI-H",NA,33.97197818,"Living","Y","TCGA-FI-A2D0",NA,"Stage I"
"TCGA.D1.A17B.01",69,2,"Y","Y",6.965241174,"DiseaseFree","Grade 2","Endometrioid","Y",2,4,0.923555802,1,3,"MSI-H","MSI-H","2_HIGH",6.965241174,"Living","Y","TCGA-D1-A17B","MSI (Hyper-mutated)","Stage I"
"TCGA.A5.A0GU.01",58,3,"Y","Y",28.22236872,"DiseaseFree","Grade 1","Endometrioid","Y",2,6,0.936182815,0,2,"MSS","MSS","1_LOW",28.22236872,"Living","Y","TCGA-A5-A0GU","Copy-number low (Endometriod)","Stage I"
"TCGA.B5.A11G.01",71,2,"Y","Y",NA,"","Grade 1","Endometrioid","Y",2,5,0.480973374,0,3,"MSI-H","MSI-H","2_HIGH",113.2508789,"Living","Y","TCGA-B5-A11G","MSI (Hyper-mutated)","Stage I"
"TCGA.D1.A17F.01",68,1,"Y","Y",1.281341537,"DiseaseFree","Grade 2","Endometrioid","Y",4,6,0.936182815,1,3,"MSI-H","MSI-H","2_HIGH",1.281341537,"Living","Y","TCGA-D1-A17F","MSI (Hyper-mutated)","Stage I"
"TCGA.A5.A0GA.01",67,3,"Y","Y",NA,"Recurred","Grade 3","Endometrioid","Y",2,4,0.923555802,1,1,"MSI-H","MSI-H","2_HIGH",17.84021678,"Deceased","Y","TCGA-A5-A0GA","MSI (Hyper-mutated)","Stage III"
"TCGA.AX.A2HD.01",69,2,"Y","N",40.4772506,"DiseaseFree","Grade 3","Endometrioid","N",2,5,0.842998833,1,1,"MSI-H","MSI-H",NA,40.4772506,"Living","Y","TCGA-AX-A2HD",NA,"Stage III"
"TCGA.A5.A0VO.01",64,NA,"N","N",11.95918768,"DiseaseFree","Grade 2","Endometrioid","Y",1,4,0.70262485,1,NA,"MSS","MSS","1_LOW",11.95918768,"Living","N","TCGA-A5-A0VO",NA,"Stage I"
"TCGA.AX.A1CR.01",70,4,"Y","N",11.07210507,"DiseaseFree","Grade 3","Mixed","N",3,4,0.923555802,0,1,"MSS","MSS",NA,11.07210507,"Living","Y","TCGA-AX-A1CR",NA,"Stage II"
"TCGA.BS.A0UL.01",54,1,"Y","Y",1.182776803,"DiseaseFree","Grade 1","Endometrioid","Y",2,2,0.953263868,1,3,"MSI-H","MSI-H","2_HIGH",1.182776803,"Living","Y","TCGA-BS-A0UL","MSI (Hyper-mutated)","Stage I"
"TCGA.AP.A054.01",64,2,"Y","Y",18.59587974,"Recurred","Grade 3","Endometrioid","Y",1,3,0.897648505,1,1,"MSI-H","MSI-H","3_HIGHEST",23.29413204,"Deceased","Y","TCGA-AP-A054","MSI (Hyper-mutated)","Stage III"
"TCGA.AX.A05W.01",60,2,"Y","N",68.27250547,"DiseaseFree","Grade 1","Endometrioid","Y",1,4,0.923555802,0,NA,"MSS","MSS","1_LOW",68.27250547,"Living","N","TCGA-AX-A05W",NA,"Stage II"
"TCGA.D1.A17H.01",61,2,"Y","Y",27.99238434,"DiseaseFree","Grade 1","Endometrioid","Y",2,2,0.953263868,1,3,"MSI-H","MSI-H","2_HIGH",27.99238434,"Living","Y","TCGA-D1-A17H","MSI (Hyper-mutated)","Stage I"
"TCGA.BS.A0U9.01",59,4,"Y","Y",57.46323969,"DiseaseFree","Grade 3","Endometrioid","Y",3,3,0.897648505,0,1,"MSS","MSS","1_LOW",57.46323969,"Living","Y","TCGA-BS-A0U9","Copy-number high (Serous-like)","Stage I"
"TCGA.B5.A0JY.01",50,1,"Y","Y",32.95347593,"DiseaseFree","Grade 3","Endometrioid","Y",2,4,0.923555802,0,1,"MSS","MSS","3_HIGHEST",32.95347593,"Living","Y","TCGA-B5-A0JY","POLE (Ultra-mutated)","Stage III"
"TCGA.D1.A16E.01",73,1,"Y","Y",36.76464563,"DiseaseFree","Grade 1","Endometrioid","Y",2,2,0.953263868,0,3,"MSS","MSS","1_LOW",36.76464563,"Living","Y","TCGA-D1-A16E","Copy-number low (Endometriod)","Stage I"
"TCGA.B5.A1MU.01",79,4,"Y","Y",44.84695379,"Recurred","Grade 3","Serous","Y",3,2,0.912165907,0,1,"MSS","MSS","1_LOW",50.82654763,"Deceased","Y","TCGA-B5-A1MU","Copy-number high (Serous-like)","Stage IV"
"TCGA.BG.A0RY.01",68,3,"Y","Y",15.40895335,"DiseaseFree","Grade 2","Endometrioid","Y",2,5,0.875250932,0,3,"MSS","MSS","1_LOW",15.40895335,"Living","Y","TCGA-BG-A0RY","Copy-number low (Endometriod)","Stage I"
"TCGA.B5.A11S.01",63,3,"Y","Y",1.314196448,"Recurred","Grade 2","Endometrioid","Y",2,6,0.936182815,0,2,"MSS","MSS","1_LOW",27.30243121,"Living","Y","TCGA-B5-A11S","Copy-number low (Endometriod)","Stage I"
"TCGA.D1.A174.01",51,1,"Y","Y",19.51581725,"DiseaseFree","Grade 3","Endometrioid","Y",1,5,0.887382298,0,3,"MSI-H","MSI-H","2_HIGH",19.51581725,"Living","Y","TCGA-D1-A174","MSI (Hyper-mutated)","Stage I"
"TCGA.D1.A16S.01",70,4,"Y","Y",18.66158956,"DiseaseFree","Grade 3","Serous","Y",3,4,0.784111389,0,3,"MSS","MSS","1_LOW",18.66158956,"Living","Y","TCGA-D1-A16S","Copy-number high (Serous-like)","Stage III"
"TCGA.B5.A11L.01",71,2,"Y","N",45.86545604,"DiseaseFree","Grade 2","Endometrioid","N",2,2,0.953263868,0,3,"MSS","MSS",NA,45.86545604,"Living","Y","TCGA-B5-A11L",NA,"Stage I"
"TCGA.B5.A11H.01",67,2,"Y","Y",88.28114639,"DiseaseFree","Grade 2","Endometrioid","Y",2,6,0.936182815,0,2,"MSI-H","MSI-H","3_HIGHEST",88.28114639,"Living","Y","TCGA-B5-A11H","MSI (Hyper-mutated)","Stage I"
"TCGA.A5.A1OJ.01",31,2,"Y","N",9.59363407,"DiseaseFree","Grade 2","Endometrioid","N",2,5,0.890025216,1,NA,"MSS","MSS",NA,9.59363407,"Living","N","TCGA-A5-A1OJ",NA,"Stage I"
"TCGA.AP.A0LD.01",63,2,"Y","Y",117.9162763,"DiseaseFree","Grade 3","Endometrioid","Y",2,2,0.790575691,1,3,"MSI-H","MSI-H","2_HIGH",117.9162763,"Living","Y","TCGA-AP-A0LD","MSI (Hyper-mutated)","Stage I"
"TCGA.B5.A11Y.01",59,1,"Y","Y",18.36589536,"DiseaseFree","Grade 1","Endometrioid","Y",4,4,0.921320947,0,3,"MSI-L","MSI-L","3_HIGHEST",18.36589536,"Living","Y","TCGA-B5-A11Y","Copy-number low (Endometriod)","Stage I"
"TCGA.B5.A11J.01",64,1,"Y","Y",54.40773295,"DiseaseFree","Grade 2","Endometrioid","Y",2,6,0.936182815,1,2,"MSI-H","MSI-H","2_HIGH",54.40773295,"Living","Y","TCGA-B5-A11J","MSI (Hyper-mutated)","Stage I"
"TCGA.B5.A0K2.01",54,2,"Y","Y",25.88967003,"DiseaseFree","Grade 1","Endometrioid","Y",2,4,0.78035969,1,3,"MSI-H","MSI-H","2_HIGH",25.88967003,"Living","Y","TCGA-B5-A0K2","MSI (Hyper-mutated)","Stage I"
"TCGA.BK.A0CB.01",60,2,"Y","Y",6.176723306,"DiseaseFree","Grade 2","Endometrioid","Y",4,NA,NA,0,3,"MSS","MSS","1_LOW",6.176723306,"Living","Y","TCGA-BK-A0CB","Copy-number low (Endometriod)","Unknown"
"TCGA.BK.A0C9.01",57,2,"Y","Y",NA,"Recurred","Grade 1","Endometrioid","Y",1,6,0.936182815,1,3,"MSI-H","MSI-H","2_HIGH",12.68199572,"Living","Y","TCGA-BK-A0C9","MSI (Hyper-mutated)","Stage I"
"TCGA.AP.A0LV.01",39,1,"Y","Y",25.06829725,"DiseaseFree","Grade 1","Endometrioid","Y",4,4,0.923555802,0,3,"MSS","MSS","1_LOW",25.06829725,"Living","Y","TCGA-AP-A0LV","Copy-number low (Endometriod)","Stage I"
"TCGA.A5.A0GH.01",57,1,"Y","Y",74.02211493,"DiseaseFree","Grade 3","Endometrioid","Y",2,4,0.923555802,1,1,"MSI-H","MSI-H","2_HIGH",74.02211493,"Living","Y","TCGA-A5-A0GH","MSI (Hyper-mutated)","Stage I"
"TCGA.BG.A0MT.01",64,3,"Y","Y",18.56302483,"Recurred","Grade 2","Endometrioid","Y",4,6,0.936182815,0,2,"MSS","MSS","1_LOW",21.15856281,"Living","Y","TCGA-BG-A0MT","Copy-number low (Endometriod)","Stage I"
"TCGA.A5.A0GB.01",65,2,"Y","Y",32.75634647,"DiseaseFree","Grade 3","Endometrioid","Y",1,NA,NA,1,2,"MSI-H","MSI-H","2_HIGH",32.75634647,"Living","Y","TCGA-A5-A0GB","MSI (Hyper-mutated)","Stage I"
"TCGA.B5.A11Z.01",61,3,"Y","Y",17.34739311,"DiseaseFree","Grade 1","Endometrioid","Y",1,5,0.932869329,0,2,"MSS","MSS","1_LOW",17.34739311,"Living","Y","TCGA-B5-A11Z","Copy-number low (Endometriod)","Stage I"
"TCGA.D1.A175.01",48,1,"Y","N",6.636692062,"DiseaseFree","Grade 3","Endometrioid","N",4,5,0.932869329,0,2,"MSI-H","MSI-H",NA,6.636692062,"Living","Y","TCGA-D1-A175",NA,"Stage I"
"TCGA.B5.A11R.01",51,3,"Y","N",33.47915451,"DiseaseFree","Grade 3","Endometrioid","Y",2,3,0.366698565,1,NA,"MSS","MSS","2_HIGH",33.47915451,"Living","N","TCGA-B5-A11R",NA,"Stage II"
"TCGA.BG.A220.01",69,1,"Y","N",14.25903146,"DiseaseFree","Grade 3","Endometrioid","N",4,NA,NA,1,1,"MSI-H","MSI-H",NA,14.25903146,"Living","Y","TCGA-BG-A220",NA,"Stage I"
"TCGA.BG.A0MU.01",78,2,"Y","Y",7.589484487,"DiseaseFree","Grade 1","Endometrioid","Y",1,5,0.932869329,0,2,"MSS","MSS","1_LOW",7.589484487,"Living","Y","TCGA-BG-A0MU","Copy-number low (Endometriod)","Stage III"
"TCGA.AX.A0IZ.01",53,1,"Y","N",43.79559663,"DiseaseFree","Grade 3","Endometrioid","N",2,2,0.912165907,0,3,"MSI-H","MSI-H",NA,43.79559663,"Living","Y","TCGA-AX-A0IZ",NA,"Stage I"
"TCGA.D1.A101.01",60,1,"Y","Y",1.741310294,"DiseaseFree","Grade 2","Endometrioid","Y",2,2,0.953263868,1,3,"MSI-H","MSI-H","2_HIGH",1.741310294,"Living","Y","TCGA-D1-A101","MSI (Hyper-mutated)","Stage I"
"TCGA.AX.A06H.01",60,1,"Y","Y",27.36814103,"DiseaseFree","Grade 1","Endometrioid","Y",1,2,0.953263868,1,2,"MSI-H","MSI-H","2_HIGH",27.36814103,"Living","Y","TCGA-AX-A06H","MSI (Hyper-mutated)","Stage III"
"TCGA.A5.A0G1.01",67,1,"Y","N",106.8113163,"DiseaseFree","Grade 3","Serous","N",4,4,0.891767554,0,3,"MSI-H","MSI-H",NA,106.8113163,"Deceased","Y","TCGA-A5-A0G1",NA,"Stage I"
"TCGA.B5.A0K8.01",71,4,"Y","Y",17.80736187,"DiseaseFree","Grade 3","Serous","Y",3,6,0.936182815,0,1,"MSS","MSS","1_LOW",17.80736187,"Living","Y","TCGA-B5-A0K8","Copy-number high (Serous-like)","Stage I"
"TCGA.AP.A0L9.01",71,4,"Y","Y",125.3086313,"DiseaseFree","Grade 3","Serous","Y",3,3,0.888897494,0,1,"MSS","MSS","1_LOW",125.3086313,"Living","Y","TCGA-AP-A0L9","Copy-number high (Serous-like)","Stage I"
"TCGA.EO.A1Y7.01",65,4,"Y","N",7.983743422,"DiseaseFree","Grade 3","Endometrioid","N",4,3,0.897648505,0,NA,"MSS","MSS",NA,7.983743422,"Living","N","TCGA-EO-A1Y7",NA,"Stage I"
"TCGA.B5.A1MW.01",55,2,"Y","N",10.21787738,"Recurred","Grade 3","Endometrioid","N",2,5,0.932869329,0,NA,"MSI-H","MSI-H",NA,14.68614531,"Living","N","TCGA-B5-A1MW",NA,"Stage I"
"TCGA.FI.A2D2.01",66,4,"Y","Y",35.97612776,"DiseaseFree","Grade 3","Mixed","Y",3,4,0.853878533,0,1,"MSS","MSS","1_LOW",35.97612776,"Living","Y","TCGA-FI-A2D2","Copy-number high (Serous-like)","Stage I"
"TCGA.AP.A0LJ.01",42,2,"Y","Y",31.70498931,"DiseaseFree","Grade 1","Endometrioid","Y",4,4,0.923555802,0,3,"MSS","MSS","1_LOW",31.70498931,"Living","Y","TCGA-AP-A0LJ","Copy-number low (Endometriod)","Stage I"
"TCGA.B5.A1MV.01",84,2,"Y","N",14.39045111,"DiseaseFree","Grade 2","Endometrioid","N",2,2,0.953263868,0,NA,"MSI-L","MSI-L",NA,14.39045111,"Living","N","TCGA-B5-A1MV",NA,"Stage I"
"TCGA.FI.A2CY.01",60,4,"Y","N",34.95762552,"DiseaseFree","Grade 3","Mixed","N",3,4,0.921856623,0,1,"MSS","MSS",NA,34.95762552,"Living","Y","TCGA-FI-A2CY",NA,"Stage I"
"TCGA.D1.A16G.01",74,4,"Y","Y",21.09285299,"Recurred","Grade 3","Serous","Y",4,4,0.886489497,0,1,"MSS","MSS","1_LOW",27.40099594,"Deceased","Y","TCGA-D1-A16G","Copy-number high (Serous-like)","Stage IV"
"TCGA.AX.A1CJ.01",59,2,"Y","N",54.04632892,"DiseaseFree","Grade 2","Endometrioid","N",4,6,0.936182815,0,3,"Indeterminant","Indeterminant",NA,54.04632892,"Living","Y","TCGA-AX-A1CJ",NA,"Stage I"
"TCGA.BG.A0MC.01",74,2,"Y","Y",41.49575285,"DiseaseFree","Grade 1","Endometrioid","Y",2,4,0.739984154,0,3,"MSS","MSS","1_LOW",41.49575285,"Living","Y","TCGA-BG-A0MC","Copy-number low (Endometriod)","Stage I"
"TCGA.BS.A0TC.01",69,1,"Y","Y",74.25209931,"DiseaseFree","Grade 1","Endometrioid","Y",1,5,0.932869329,0,3,"MSS","MSS","3_HIGHEST",74.25209931,"Living","Y","TCGA-BS-A0TC","POLE (Ultra-mutated)","Stage I"
"TCGA.D1.A17N.01",46,2,"Y","Y",1.511325915,"DiseaseFree","Grade 2","Endometrioid","Y",4,2,0.837730267,0,3,"MSS","MSS","1_LOW",1.511325915,"Living","Y","TCGA-D1-A17N","Copy-number low (Endometriod)","Stage I"
"TCGA.D1.A17A.01",59,3,"Y","Y",1.577035738,"DiseaseFree","Grade 3","Endometrioid","Y",1,1,0.918650794,1,3,"MSI-H","MSI-H","2_HIGH",1.577035738,"Living","Y","TCGA-D1-A17A","MSI (Hyper-mutated)","Stage I"
"TCGA.B5.A11X.01",66,NA,"N","N",13.01054484,"Recurred","Grade 3","Endometrioid","Y",4,3,0.888897494,0,1,"MSI-L","MSI-L","1_LOW",19.54867216,"Living","Y","TCGA-B5-A11X",NA,"Stage III"
"TCGA.BG.A2AE.01",57,2,"Y","Y",NA,"","Grade 3","Endometrioid","Y",2,3,0.822827613,0,1,"MSS","MSS","1_LOW",0.525678579,"Living","Y","TCGA-BG-A2AE","Copy-number low (Endometriod)","Stage I"
"TCGA.B5.A1MY.01",62,4,"Y","Y",10.94068543,"Recurred","Grade 3","Serous","Y",3,1,0.86844934,0,1,"MSS","MSS","1_LOW",11.86062294,"Deceased","Y","TCGA-B5-A1MY","Copy-number high (Serous-like)","Stage III"
"TCGA.A5.A0GN.01",65,4,"Y","Y",60.48589152,"DiseaseFree","Grade 1","Endometrioid","Y",1,NA,NA,0,3,"MSS","MSS","1_LOW",60.48589152,"Living","Y","TCGA-A5-A0GN","Copy-number high (Serous-like)","Stage I"
"TCGA.FI.A2D6.01",74,2,"Y","N",8.969390758,"DiseaseFree","Grade 3","Endometrioid","N",1,1,0.739874405,1,1,"MSI-H","MSI-H",NA,8.969390758,"Living","Y","TCGA-FI-A2D6",NA,"Stage I"
"TCGA.FI.A2CX.01",82,2,"Y","N",39.98442693,"DiseaseFree","Grade 3","Endometrioid","N",3,4,0.923555802,0,1,"MSS","MSS",NA,39.98442693,"Living","Y","TCGA-FI-A2CX",NA,"Stage I"
"TCGA.BG.A0M2.01",62,2,"Y","Y",20.89572352,"DiseaseFree","Grade 2","Endometrioid","Y",4,6,0.936182815,0,2,"MSS","MSS","1_LOW",20.89572352,"Living","Y","TCGA-BG-A0M2","Copy-number low (Endometriod)","Stage I"
"TCGA.BS.A0UT.01",62,3,"Y","Y",19.54867216,"DiseaseFree","Grade 2","Endometrioid","Y",4,5,0.81473312,0,3,"MSS","MSS","1_LOW",19.54867216,"Living","Y","TCGA-BS-A0UT","Copy-number low (Endometriod)","Stage II"
"TCGA.A5.A0G9.01",79,3,"Y","Y",83.45147445,"DiseaseFree","Grade 3","Endometrioid","Y",1,6,0.936182815,1,3,"MSI-H","MSI-H","2_HIGH",83.45147445,"Living","Y","TCGA-A5-A0G9","MSI (Hyper-mutated)","Stage I"
"TCGA.B5.A1MX.01",47,1,"Y","N",11.66349348,"DiseaseFree","Grade 3","Endometrioid","N",1,3,0.897648505,1,2,"MSI-H","MSI-H",NA,11.66349348,"Living","Y","TCGA-B5-A1MX",NA,"Stage I"
"TCGA.BS.A0V6.01",55,2,"Y","Y",54.21060348,"DiseaseFree","Grade 1","Endometrioid","Y",2,2,0.936305291,0,2,"MSS","MSS","1_LOW",54.21060348,"Living","Y","TCGA-BS-A0V6","Copy-number low (Endometriod)","Stage I"
"TCGA.AP.A056.01",64,1,"Y","Y",86.01415752,"DiseaseFree","Grade 3","Endometrioid","Y",1,NA,NA,0,1,"MSI-L","MSI-L","3_HIGHEST",86.01415752,"Living","Y","TCGA-AP-A056","POLE (Ultra-mutated)","Stage II"
"TCGA.D1.A17C.01",78,1,"Y","Y",0.985647336,"DiseaseFree","Grade 1","Endometrioid","Y",2,2,0.953263868,0,3,"MSS","MSS","1_LOW",0.985647336,"Living","Y","TCGA-D1-A17C","Copy-number low (Endometriod)","Stage I"
"TCGA.B5.A1MR.01",65,2,"Y","N",191.7084069,"DiseaseFree","Grade 3","Endometrioid","N",2,4,0.886489497,0,1,"MSS","MSS",NA,191.7084069,"Living","Y","TCGA-B5-A1MR",NA,"Stage III"
"TCGA.AP.A052.01",59,4,"Y","Y",12.9119801,"Recurred","Grade 3","Serous","Y",3,NA,NA,0,1,"MSS","MSS","1_LOW",21.97993559,"Deceased","Y","TCGA-AP-A052","Copy-number high (Serous-like)","Stage IV"
"TCGA.BS.A0V7.01",48,2,"Y","N",46.9496681,"DiseaseFree","Grade 1","Endometrioid","Y",4,2,0.953263868,0,NA,"MSS","MSS","1_LOW",46.9496681,"Living","N","TCGA-BS-A0V7",NA,"Stage I"
"TCGA.BS.A0UV.01",55,2,"Y","Y",4.895381769,"DiseaseFree","Grade 3","Endometrioid","Y",4,4,0.923555802,0,1,"MSI-L","MSS","3_HIGHEST",4.895381769,"Living","Y","TCGA-BS-A0UV","POLE (Ultra-mutated)","Stage III"
"TCGA.B5.A0JN.01",84,4,"Y","N",80.33025788,"DiseaseFree","Grade 3","Serous","Y",3,4,0.886489497,0,NA,"MSI-L","MSI-L","1_LOW",80.33025788,"Living","N","TCGA-B5-A0JN",NA,"Stage IV"
"TCGA.B5.A11O.01",62,1,"Y","Y",40.90436444,"DiseaseFree","Grade 1","Endometrioid","Y",4,4,0.879877208,1,3,"MSI-L","MSS","1_LOW",40.90436444,"Living","Y","TCGA-B5-A11O","Copy-number low (Endometriod)","Stage I"
"TCGA.B5.A11U.01",74,1,"Y","Y",16.7231498,"DiseaseFree","Grade 3","Endometrioid","Y",3,2,0.953263868,1,1,"MSI-H","MSI-H","2_HIGH",16.7231498,"Living","Y","TCGA-B5-A11U","MSI (Hyper-mutated)","Stage IV"
"TCGA.FI.A2F4.01",64,3,"Y","N",28.91232186,"DiseaseFree","Grade 3","Endometrioid","N",1,6,0.936182815,1,2,"MSI-H","MSI-H",NA,28.91232186,"Living","Y","TCGA-FI-A2F4",NA,"Stage I"
"TCGA.EC.A1QX.01",71,2,"Y","N",7.162370642,"Recurred","Grade 3","Endometrioid","N",2,4,0.923555802,1,1,"MSI-H","MSI-H",NA,7.326645198,"Living","Y","TCGA-EC-A1QX",NA,"Stage I"
"TCGA.D1.A0ZO.01",75,2,"Y","Y",19.77865654,"DiseaseFree","Grade 1","Endometrioid","Y",1,2,0.953263868,1,2,"MSI-H","MSI-H","2_HIGH",19.77865654,"Living","Y","TCGA-D1-A0ZO","MSI (Hyper-mutated)","Stage I"
"TCGA.EY.A215.01",60,2,"Y","N",18.85871903,"DiseaseFree","Grade 3","Endometrioid","N",1,6,0.936182815,1,NA,"MSI-H","MSI-H",NA,18.85871903,"Living","N","TCGA-EY-A215",NA,"Stage I"
"TCGA.AX.A0IS.01",52,3,"Y","Y",14.71900022,"Recurred","Grade 2","Endometrioid","Y",2,5,0.843520432,0,2,"MSS","MSS","1_LOW",34.99048043,"Living","Y","TCGA-AX-A0IS","Copy-number low (Endometriod)","Stage I"
"TCGA.B5.A11P.01",87,4,"Y","N",36.79750054,"DiseaseFree","Grade 3","Endometrioid","N",2,6,0.936182815,0,2,"MSI-L","MSS",NA,36.79750054,"Living","Y","TCGA-B5-A11P",NA,"Stage I"
"TCGA.B5.A121.01",57,1,"Y","Y",16.55887524,"DiseaseFree","Grade 1","Endometrioid","Y",4,2,0.953263868,0,2,"MSS","MSS","1_LOW",16.55887524,"Living","Y","TCGA-B5-A121","Copy-number low (Endometriod)","Stage III"
"TCGA.EY.A1G8.01",83,2,"Y","N",14.9489846,"DiseaseFree","Grade 3","Endometrioid","N",2,1,0.77520147,0,1,"MSS","MSS",NA,14.9489846,"Deceased","Y","TCGA-EY-A1G8",NA,"Stage I"
"TCGA.BS.A0VI.01",58,2,"Y","N",54.5720075,"DiseaseFree","Grade 3","Endometrioid","N",1,5,0.890025216,1,3,"MSI-H","MSI-H",NA,54.5720075,"Living","Y","TCGA-BS-A0VI",NA,"Stage II"
"TCGA.B5.A0JT.01",63,2,"Y","Y",43.10564349,"DiseaseFree","Grade 1","Endometrioid","Y",4,2,0.953263868,0,2,"MSS","MSS","1_LOW",43.10564349,"Living","Y","TCGA-B5-A0JT","Copy-number low (Endometriod)","Stage I"
"TCGA.B5.A11V.01",64,2,"Y","Y",19.51581725,"DiseaseFree","Grade 1","Endometrioid","Y",4,5,0.762721706,0,2,"MSS","MSS","1_LOW",19.51581725,"Living","Y","TCGA-B5-A11V","Copy-number low (Endometriod)","Stage I"
"TCGA.BG.A0VT.01",56,2,"Y","Y",7.359500109,"DiseaseFree","Grade 2","Endometrioid","Y",4,5,0.930343034,0,2,"MSS","MSS","1_LOW",7.359500109,"Living","Y","TCGA-BG-A0VT","Copy-number low (Endometriod)","Stage III"
"TCGA.BG.A186.01",61,2,"Y","Y",13.76620779,"DiseaseFree","Grade 2","Endometrioid","Y",4,5,0.932869329,0,2,"MSS","MSS","1_LOW",13.76620779,"Living","Y","TCGA-BG-A186","Copy-number low (Endometriod)","Stage III"
"TCGA.AX.A0J1.01",80,3,"Y","Y",65.84124204,"DiseaseFree","Grade 2","Endometrioid","Y",1,4,0.876855817,1,2,"MSI-H","MSI-H","3_HIGHEST",65.84124204,"Living","Y","TCGA-AX-A0J1","MSI (Hyper-mutated)","Stage I"
"TCGA.D1.A1NS.01",53,1,"Y","N",1.412761182,"DiseaseFree","Grade 1","Endometrioid","N",2,4,0.923555802,1,NA,"MSI-H","MSI-H",NA,1.412761182,"Living","N","TCGA-D1-A1NS",NA,"Stage I"
"TCGA.A5.A1OG.01",65,4,"Y","N",11.07210507,"Recurred","Grade 3","Serous","N",3,4,0.877287726,0,1,"MSS","MSS",NA,11.4335091,"Living","Y","TCGA-A5-A1OG",NA,"Stage III"
"TCGA.BS.A0T9.01",39,2,"Y","Y",20.79715879,"Recurred","Grade 3","Endometrioid","Y",4,4,0.877287726,0,3,"MSS","MSS","1_LOW",46.91681319,"Deceased","Y","TCGA-BS-A0T9","Copy-number low (Endometriod)","Stage IV"
"TCGA.AX.A0IU.01",79,4,"Y","Y",28.51806292,"DiseaseFree","Grade 3","Serous","Y",3,6,0.452596592,0,1,"MSS","MSS","1_LOW",28.51806292,"Living","Y","TCGA-AX-A0IU","Copy-number high (Serous-like)","Stage III"
"TCGA.D1.A176.01",67,3,"Y","Y",30.12795357,"DiseaseFree","Grade 2","Endometrioid","Y",1,5,0.594277483,1,2,"MSI-H","MSI-H","2_HIGH",30.12795357,"Living","Y","TCGA-D1-A176","MSI (Hyper-mutated)","Stage I"
"TCGA.AX.A2HJ.01",35,2,"Y","N",27.30243121,"DiseaseFree","Grade 3","Endometrioid","N",2,3,0.897648505,1,2,"MSI-H","MSI-H",NA,27.30243121,"Living","Y","TCGA-AX-A2HJ",NA,"Stage I"
"TCGA.AP.A1E1.01",74,3,"Y","N",10.41500685,"DiseaseFree","Grade 2","Endometrioid","N",1,5,0.932869329,1,2,"MSI-H","MSI-H",NA,10.41500685,"Living","Y","TCGA-AP-A1E1",NA,"Stage I"
"TCGA.AP.A1DP.01",70,3,"Y","N",27.2695763,"Recurred","Grade 2","Endometrioid","N",1,5,0.932869329,1,NA,"MSI-H","MSI-H",NA,35.51615901,"Deceased","N","TCGA-AP-A1DP",NA,"Stage I"
"TCGA.D1.A2G5.01",50,3,"Y","N",NA,"Recurred","Grade 3","Endometrioid","N",2,6,0.936182815,1,NA,"MSI-H","MSI-H",NA,41.39718811,"Living","N","TCGA-D1-A2G5",NA,"Stage I"
"TCGA.A5.A0R6.01",64,4,"Y","Y",19.9429311,"DiseaseFree","Grade 3","Serous","Y",4,4,0.836740624,0,1,"MSS","MSS","1_LOW",19.9429311,"Living","Y","TCGA-A5-A0R6","Copy-number high (Serous-like)","Stage III"
"TCGA.AX.A2HK.01",77,4,"Y","N",NA,"","Grade 3","Endometrioid","N",3,6,0.936182815,0,1,"MSS","MSS",NA,2.956942008,"Deceased","Y","TCGA-AX-A2HK",NA,"Stage III"
"TCGA.BS.A0UM.01",64,NA,"N","N",47.77104088,"Recurred","Grade 1","Endometrioid","Y",1,5,0.928732873,1,2,"MSI-H","MSI-H","2_HIGH",71.98511044,"Living","Y","TCGA-BS-A0UM",NA,"Stage I"
"TCGA.FI.A2EU.01",68,4,"Y","N",84.01000794,"DiseaseFree","Grade 3","Serous","N",3,4,0.923555802,0,1,"MSS","MSS",NA,84.01000794,"Living","Y","TCGA-FI-A2EU",NA,"Stage I"
"TCGA.D1.A177.01",70,2,"Y","Y",11.40065419,"Recurred","Grade 2","Endometrioid","Y",1,5,0.930343034,1,2,"MSI-H","MSI-H","2_HIGH",18.00449134,"Living","Y","TCGA-D1-A177","MSI (Hyper-mutated)","Stage I"
"TCGA.D1.A16V.01",78,4,"Y","N",NA,"","Grade 3","Endometrioid","N",2,6,-0.102733132,0,2,"MSS","MSS",NA,3.942589344,"Deceased","Y","TCGA-D1-A16V",NA,"Stage III"
"TCGA.D1.A16O.01",44,2,"Y","Y",33.57771925,"DiseaseFree","Grade 1","Endometrioid","Y",4,5,0.667510536,0,2,"MSS","MSS","1_LOW",33.57771925,"Living","Y","TCGA-D1-A16O","Copy-number low (Endometriod)","Stage I"
"TCGA.B5.A0K1.01",69,1,"Y","Y",30.48935759,"DiseaseFree","Grade 1","Endometrioid","Y",4,6,0.936182815,0,2,"MSS","MSS","1_LOW",30.48935759,"Living","Y","TCGA-B5-A0K1","Copy-number low (Endometriod)","Stage I"
"TCGA.D1.A16Q.01",54,1,"Y","Y",10.64499123,"DiseaseFree","Grade 2","Endometrioid","Y",4,1,0.837571802,0,3,"MSS","MSS","1_LOW",10.64499123,"Living","Y","TCGA-D1-A16Q","Copy-number low (Endometriod)","Stage II"
"TCGA.A5.A0GQ.01",76,1,"Y","Y",38.34168137,"DiseaseFree","Grade 1","Endometrioid","Y",4,6,0.936182815,0,3,"MSS","MSS","1_LOW",38.34168137,"Living","Y","TCGA-A5-A0GQ","Copy-number low (Endometriod)","Stage I"
"TCGA.D1.A16J.01",61,2,"Y","Y",29.86511428,"DiseaseFree","Grade 2","Endometrioid","Y",1,4,0.891829399,0,3,"MSS","MSS","2_HIGH",29.86511428,"Living","Y","TCGA-D1-A16J","Copy-number low (Endometriod)","Stage II"
"TCGA.AP.A1E4.01",54,3,"Y","N",5.19107597,"Recurred","Grade 2","Endometrioid","N",3,1,0.918650794,0,1,"MSS","MSS",NA,16.23032613,"Living","Y","TCGA-AP-A1E4",NA,"Stage I"
"TCGA.A5.A0GM.01",53,1,"Y","Y",60.45303661,"DiseaseFree","Grade 1","Endometrioid","Y",2,6,0.769037046,0,3,"MSS","MSS","1_LOW",60.45303661,"Living","Y","TCGA-A5-A0GM","Copy-number low (Endometriod)","Stage I"
"TCGA.AJ.A23M.01",61,4,"Y","Y",NA,"","Grade 3","Serous","Y",3,3,0.835714286,0,1,"MSS","MSS","1_LOW",1.018502247,"Living","Y","TCGA-AJ-A23M","Copy-number high (Serous-like)","Stage II"
"TCGA.BS.A0UJ.01",68,1,"Y","Y",0.887082602,"DiseaseFree","Grade 1","Endometrioid","Y",4,6,0.936182815,0,3,"MSI-H","MSI-H","3_HIGHEST",0.887082602,"Living","Y","TCGA-BS-A0UJ","MSI (Hyper-mutated)","Stage I"
"TCGA.D1.A17M.01",56,2,"Y","Y",10.21787738,"DiseaseFree","Grade 1","Endometrioid","Y",1,5,0.932869329,1,2,"MSI-H","MSI-H","2_HIGH",10.21787738,"Living","Y","TCGA-D1-A17M","MSI (Hyper-mutated)","Stage II"
"TCGA.AP.A0LG.01",54,1,"Y","Y",63.11428442,"DiseaseFree","Grade 3","Endometrioid","Y",1,5,0.932869329,1,2,"MSI-H","MSI-H","2_HIGH",63.11428442,"Living","Y","TCGA-AP-A0LG","MSI (Hyper-mutated)","Stage I"
"TCGA.BG.A0W2.01",57,2,"Y","Y",37.81600279,"DiseaseFree","Grade 1","Endometrioid","Y",4,6,0.936182815,0,2,"MSS","MSS","1_LOW",37.81600279,"Living","Y","TCGA-BG-A0W2","Copy-number low (Endometriod)","Stage I"
